host_timestamp_iso,rx_timestamp_ms,rssi,sequence,channel,bandwidth,csi_length,SC0_I,SC0_Q,SC1_I,SC1_Q,SC2_I,SC2_Q,SC3_I,SC3_Q,SC4_I,SC4_Q,SC5_I,SC5_Q,SC6_I,SC6_Q,SC7_I,SC7_Q,SC8_I,SC8_Q,SC9_I,SC9_Q,SC10_I,SC10_Q,SC11_I,SC11_Q,SC12_I,SC12_Q,SC13_I,SC13_Q,SC14_I,SC14_Q,SC15_I,SC15_Q,SC16_I,SC16_Q,SC17_I,SC17_Q,SC18_I,SC18_Q,SC19_I,SC19_Q,SC20_I,SC20_Q,SC21_I,SC21_Q,SC22_I,SC22_Q,SC23_I,SC23_Q,SC24_I,SC24_Q,SC25_I,SC25_Q,SC26_I,SC26_Q,SC27_I,SC27_Q,SC28_I,SC28_Q,SC29_I,SC29_Q,SC30_I,SC30_Q,SC31_I,SC31_Q,SC32_I,SC32_Q,SC33_I,SC33_Q,SC34_I,SC34_Q,SC35_I,SC35_Q,SC36_I,SC36_Q,SC37_I,SC37_Q,SC38_I,SC38_Q,SC39_I,SC39_Q,SC40_I,SC40_Q,SC41_I,SC41_Q,SC42_I,SC42_Q,SC43_I,SC43_Q,SC44_I,SC44_Q,SC45_I,SC45_Q,SC46_I,SC46_Q,SC47_I,SC47_Q,SC48_I,SC48_Q,SC49_I,SC49_Q,SC50_I,SC50_Q,SC51_I,SC51_Q,SC52_I,SC52_Q,SC53_I,SC53_Q,SC54_I,SC54_Q,SC55_I,SC55_Q,SC56_I,SC56_Q,SC57_I,SC57_Q,SC58_I,SC58_Q,SC59_I,SC59_Q,SC60_I,SC60_Q,SC61_I,SC61_Q,SC62_I,SC62_Q,SC63_I,SC63_Q,SC64_I,SC64_Q,SC65_I,SC65_Q,SC66_I,SC66_Q,SC67_I,SC67_Q,SC68_I,SC68_Q,SC69_I,SC69_Q,SC70_I,SC70_Q,SC71_I,SC71_Q,SC72_I,SC72_Q,SC73_I,SC73_Q,SC74_I,SC74_Q,SC75_I,SC75_Q,SC76_I,SC76_Q,SC77_I,SC77_Q,SC78_I,SC78_Q,SC79_I,SC79_Q,SC80_I,SC80_Q,SC81_I,SC81_Q,SC82_I,SC82_Q,SC83_I,SC83_Q,SC84_I,SC84_Q,SC85_I,SC85_Q,SC86_I,SC86_Q,SC87_I,SC87_Q,SC88_I,SC88_Q,SC89_I,SC89_Q,SC90_I,SC90_Q,SC91_I,SC91_Q,SC92_I,SC92_Q,SC93_I,SC93_Q,SC94_I,SC94_Q,SC95_I,SC95_Q,SC96_I,SC96_Q,SC97_I,SC97_Q,SC98_I,SC98_Q,SC99_I,SC99_Q,SC100_I,SC100_Q,SC101_I,SC101_Q,SC102_I,SC102_Q,SC103_I,SC103_Q,SC104_I,SC104_Q,SC105_I,SC105_Q,SC106_I,SC106_Q,SC107_I,SC107_Q,SC108_I,SC108_Q,SC109_I,SC109_Q,SC110_I,SC110_Q,SC111_I,SC111_Q,SC112_I,SC112_Q,SC113_I,SC113_Q,SC114_I,SC114_Q,SC115_I,SC115_Q,SC116_I,SC116_Q,SC117_I,SC117_Q,SC118_I,SC118_Q,SC119_I,SC119_Q,SC120_I,SC120_Q,SC121_I,SC121_Q,SC122_I,SC122_Q,SC123_I,SC123_Q,SC124_I,SC124_Q,SC125_I,SC125_Q,SC126_I,SC126_Q,SC127_I,SC127_Q,SC128_I,SC128_Q,SC129_I,SC129_Q,SC130_I,SC130_Q,SC131_I,SC131_Q,SC132_I,SC132_Q,SC133_I,SC133_Q,SC134_I,SC134_Q,SC135_I,SC135_Q,SC136_I,SC136_Q,SC137_I,SC137_Q,SC138_I,SC138_Q,SC139_I,SC139_Q,SC140_I,SC140_Q,SC141_I,SC141_Q,SC142_I,SC142_Q,SC143_I,SC143_Q,SC144_I,SC144_Q,SC145_I,SC145_Q,SC146_I,SC146_Q,SC147_I,SC147_Q,SC148_I,SC148_Q,SC149_I,SC149_Q,SC150_I,SC150_Q,SC151_I,SC151_Q,SC152_I,SC152_Q,SC153_I,SC153_Q,SC154_I,SC154_Q,SC155_I,SC155_Q,SC156_I,SC156_Q,SC157_I,SC157_Q,SC158_I,SC158_Q,SC159_I,SC159_Q,SC160_I,SC160_Q,SC161_I,SC161_Q,SC162_I,SC162_Q,SC163_I,SC163_Q,SC164_I,SC164_Q,SC165_I,SC165_Q,SC166_I,SC166_Q,SC167_I,SC167_Q,SC168_I,SC168_Q,SC169_I,SC169_Q,SC170_I,SC170_Q,SC171_I,SC171_Q,SC172_I,SC172_Q,SC173_I,SC173_Q,SC174_I,SC174_Q,SC175_I,SC175_Q,SC176_I,SC176_Q,SC177_I,SC177_Q,SC178_I,SC178_Q,SC179_I,SC179_Q,SC180_I,SC180_Q,SC181_I,SC181_Q,SC182_I,SC182_Q,SC183_I,SC183_Q,SC184_I,SC184_Q,SC185_I,SC185_Q,SC186_I,SC186_Q,SC187_I,SC187_Q,SC188_I,SC188_Q,SC189_I,SC189_Q,SC190_I,SC190_Q,SC191_I,SC191_Q
2026-10-01T16:17:53.629656+00:00,2061818,-44,108017,6,unknown,384,0,0,0,0,0,0,0,0,0,0,0,0,-2,8,-2,8,-2,8,-3,8,-3,8,-3,8,-4,8,-4,8,-4,9,-5,8,-5,9,-5,9,-6,9,-6,9,-6,8,-7,9,-7,8,-6,8,-7,8,-7,8,-7,8,-7,8,-7,7,-7,8,-7,8,-7,8,0,0,-7,7,-7,8,-7,7,-6,7,-6,7,-6,8,-6,7,-6,7,-6,8,-5,8,-5,8,-5,8,-5,8,-5,8,-5,8,-5,9,-5,9,-4,9,-4,9,-3,9,-4,9,-4,9,-4,9,-4,10,-3,9,-3,9,0,0,0,0,0,0,0,0,0,0,0,0,0,0,57,4,56,8,61,6,52,6,54,3,56,2,54,4,55,2,50,-2,49,0,53,1,48,1,49,-1,49,-3,49,-7,46,-7,46,-9,47,-12,42,-8,47,-8,46,-9,38,-13,43,-17,45,-15,45,-8,47,-13,44,-17,41,-23,43,-15,43,-17,43,-18,45,-15,45,-22,42,-19,46,-20,46,-15,45,-14,44,-18,46,-13,45,-14,44,-15,45,-17,44,-16,43,-17,44,-12,44,-11,42,-9,42,-8,42,-9,43,-5,42,-5,39,-3,39,-2,36,-3,37,-2,38,-1,36,1,0,0,0,0,0,0,0,0,0,0,0,0,0,0,0,0,0,0,0,0,0,0,-1,46,-5,47,-6,49,-8,52,-11,50,-12,49,-16,49,-16,49,-21,50,-16,53,-16,54,-16,54,-20,56,-22,55,-24,52,-27,51,-28,53,-26,48,-27,52,-32,50,-30,50,-33,50,-27,46,-28,49,-30,49,-26,50,-26,47,-29,46,-28,46,-28,49,-26,45,-27,48,-28,46,-25,47,-26,49,-26,48,-20,48,-17,52,-14,50,-15,53,-18,50,-17,53,-15,55,-14,52,-14,51,-15,54,-13,52,-12,55,-14,57,-9,54,-8,55,-6,56,-11,55,-6,53,-5,57,-8,59,-4,62,0,0
2026-10-01T16:17:53.728579+00:00,2061900,-46,108018,6,unknown,384,0,0,0,0,0,0,0,0,0,0,0,0,4,7,4,7,4,8,3,8,3,9,3,9,2,9,2,9,2,9,2,9,2,10,2,10,2,10,1,10,1,10,0,11,0,10,0,10,0,10,0,11,0,10,-1,10,-1,10,0,10,-1,10,0,10,0,0,0,10,0,10,0,10,0,10,0,9,0,10,0,10,1,9,0,9,1,9,1,9,1,9,2,9,2,9,2,9,2,9,2,10,3,9,3,9,3,9,3,9,3,9,3,9,4,10,4,9,4,9,0,0,0,0,0,0,0,0,0,0,0,0,0,0,43,-37,50,-36,49,-35,43,-34,46,-36,42,-33,43,-35,43,-33,39,-33,37,-33,39,-37,37,-35,35,-37,36,-34,36,-34,33,-37,33,-38,30,-36,28,-34,31,-39,28,-39,28,-36,24,-39,25,-39,26,-39,24,-38,25,-41,24,-42,23,-40,23,-42,22,-40,21,-41,22,-43,22,-43,24,-43,24,-42,22,-44,21,-43,23,-44,23,-42,25,-43,26,-41,26,-38,28,-37,26,-34,27,-37,27,-33,27,-35,28,-32,29,-33,28,-31,28,-30,26,-28,28,-27,30,-26,30,-22,29,-21,0,0,0,0,0,0,0,0,0,0,0,0,0,0,0,0,0,0,0,0,0,0,29,36,29,36,29,41,27,42,27,43,26,43,27,46,26,47,24,46,22,51,21,53,22,53,21,55,20,56,17,54,17,57,16,57,13,56,15,58,13,57,14,55,13,56,13,56,11,58,8,56,11,55,9,54,8,53,11,54,12,54,13,52,12,53,13,53,15,51,15,51,18,50,20,49,20,51,18,48,21,49,20,48,23,50,22,48,24,50,25,46,28,47,27,47,30,46,29,48,28,47,29,49,29,47,31,47,35,47,32,48,31,48,39,51,0,0
2026-10-01T16:17:53.829543+00:00,2061999,-46,108019,6,unknown,384,0,0,0,0,0,0,0,0,0,0,0,0,0,-9,1,-9,1,-10,1,-9,2,-10,2,-9,3,-10,3,-10,3,-10,3,-10,4,-10,4,-10,4,-11,4,-10,4,-10,5,-10,5,-9,5,-10,5,-9,6,-9,5,-9,6,-9,5,-9,6,-9,6,-9,6,-9,0,0,5,-9,5,-9,5,-9,5,-9,4,-9,5,-9,5,-9,4,-9,4,-9,4,-9,4,-9,3,-9,3,-9,3,-9,3,-10,3,-10,3,-10,2,-10,3,-10,2,-10,3,-10,2,-10,2,-11,2,-11,2,-11,1,-11,0,0,0,0,0,0,0,0,0,0,0,0,0,0,-55,18,-58,16,-59,17,-55,15,-55,15,-52,16,-53,17,-54,15,-51,17,-48,17,-50,21,-45,20,-47,22,-46,20,-45,20,-45,24,-45,24,-42,23,-39,24,-42,25,-41,26,-40,23,-37,26,-36,28,-36,29,-37,27,-37,31,-36,32,-35,31,-38,32,-34,31,-34,33,-37,33,-35,33,-36,33,-36,31,-36,33,-35,33,-35,31,-35,32,-37,33,-38,30,-38,30,-37,27,-36,26,-40,26,-38,25,-37,24,-37,22,-37,23,-36,21,-36,21,-36,18,-36,17,-35,15,-36,13,-34,11,0,0,0,0,0,0,0,0,0,0,0,0,0,0,0,0,0,0,0,0,0,0,-12,-47,-11,-48,-10,-52,-8,-53,-6,-52,-6,-52,-5,-54,-5,-55,-1,-53,1,-59,1,-58,1,-60,2,-61,5,-58,4,-59,11,-57,9,-59,12,-60,10,-60,12,-62,7,-58,12,-58,11,-58,12,-57,13,-58,12,-58,11,-53,12,-55,11,-56,11,-56,9,-55,8,-55,9,-55,4,-55,4,-57,6,-52,3,-56,2,-55,0,-55,-2,-56,-1,-56,-3,-58,-2,-55,-4,-59,-8,-54,-10,-59,-10,-54,-13,-57,-12,-58,-11,-58,-11,-60,-11,-57,-11,-56,-14,-55,-13,-59,-13,-57,-19,-62,0,0
2026-10-01T16:17:53.930293+00:00,2062100,-47,108020,6,unknown,384,0,0,0,0,0,0,0,0,0,0,0,0,-5,7,-6,7,-6,7,-6,7,-7,7,-7,7,-8,7,-7,6,-8,7,-8,7,-9,6,-9,6,-9,6,-9,6,-9,6,-10,6,-9,6,-10,5,-10,5,-10,5,-10,5,-10,5,-10,4,-10,5,-10,5,-10,5,0,0,-10,5,-10,5,-9,5,-9,5,-9,5,-9,5,-9,5,-8,5,-8,5,-8,6,-8,6,-8,6,-8,6,-7,6,-7,6,-7,7,-8,7,-7,7,-7,7,-7,8,-7,8,-7,8,-7,8,-7,8,-7,8,-6,8,0,0,0,0,0,0,0,0,0,0,0,0,0,0,57,9,55,15,61,12,51,14,57,10,55,8,53,11,57,11,51,6,49,8,50,6,51,4,51,5,49,1,48,-2,48,-6,49,-5,48,-6,44,-5,48,-3,50,-6,44,-5,46,-9,45,-9,44,-8,44,-8,44,-13,45,-15,45,-15,44,-17,44,-17,45,-15,45,-14,46,-14,45,-14,44,-14,45,-15,46,-16,44,-13,45,-13,46,-15,47,-15,47,-14,45,-13,44,-12,45,-8,45,-7,41,-7,42,-6,42,-5,40,-4,40,-5,39,0,37,-2,36,-2,38,1,36,2,0,0,0,0,0,0,0,0,0,0,0,0,0,0,0,0,0,0,0,0,0,0,-16,44,-17,45,-19,46,-24,50,-24,46,-24,46,-27,46,-28,46,-33,45,-30,49,-32,48,-30,50,-32,52,-35,49,-36,46,-40,43,-42,44,-44,41,-40,44,-42,42,-43,43,-43,42,-39,44,-38,44,-41,44,-39,45,-38,41,-39,42,-39,39,-40,43,-36,38,-38,41,-37,41,-33,42,-34,43,-36,43,-30,43,-29,46,-25,48,-24,51,-25,49,-28,49,-29,50,-24,50,-22,48,-22,53,-23,49,-19,53,-24,55,-17,53,-18,53,-17,53,-22,57,-16,53,-16,56,-17,56,-13,64,0,0
2026-10-01T16:17:54.050320+00:00,2062200,-48,108021,6,unknown,384,0,0,0,0,0,0,0,0,0,0,0,0,-3,-9,-3,-9,-3,-9,-3,-10,-2,-10,-2,-10,-1,-10,-2,-10,-1,-11,-1,-11,-1,-11,-1,-12,-1,-12,0,-12,0,-12,1,-12,1,-11,1,-11,1,-11,1,-12,1,-11,2,-11,2,-11,1,-11,1,-11,1,-11,0,0,1,-11,1,-11,2,-11,1,-10,1,-10,1,-11,1,-10,0,-10,1,-10,0,-10,0,-10,-1,-10,-1,-10,-1,-10,-1,-10,-1,-11,-1,-11,-2,-11,-1,-11,-2,-11,-2,-11,-2,-10,-3,-11,-3,-11,-3,-11,-3,-11,0,0,0,0,0,0,0,0,0,0,0,0,0,0,-49,30,-50,27,-52,31,-47,28,-48,30,-50,29,-46,29,-47,28,-43,29,-41,28,-42,32,-39,29,-40,33,-40,32,-36,30,-35,35,-34,35,-32,34,-29,34,-32,35,-32,36,-32,34,-28,34,-29,35,-29,35,-28,36,-26,38,-23,40,-24,38,-23,42,-23,38,-25,39,-26,38,-24,40,-23,39,-26,37,-25,39,-25,40,-25,40,-27,39,-26,40,-25,38,-24,36,-27,36,-25,34,-28,33,-29,33,-28,34,-29,30,-29,30,-29,28,-30,29,-30,25,-28,24,-29,24,-30,22,-29,21,0,0,0,0,0,0,0,0,0,0,0,0,0,0,0,0,0,0,0,0,0,0,-25,-42,-23,-43,-23,-45,-20,-51,-19,-51,-20,-48,-16,-49,-19,-53,-14,-54,-17,-55,-16,-56,-17,-59,-16,-59,-13,-59,-9,-57,-7,-60,-7,-62,-4,-59,-6,-62,-4,-59,-4,-58,-2,-59,-5,-56,-3,-60,-3,-58,-6,-60,-4,-53,-4,-54,-4,-56,-4,-58,-5,-54,-6,-53,-5,-53,-10,-53,-9,-54,-12,-56,-14,-54,-15,-55,-16,-52,-18,-54,-18,-54,-16,-56,-16,-54,-18,-52,-20,-49,-22,-52,-21,-50,-24,-51,-24,-55,-25,-50,-24,-54,-26,-51,-24,-52,-28,-48,-29,-52,-29,-53,-36,-53,0,0
2026-10-01T16:17:54.153466+00:00,2062322,-48,108022,6,unknown,384,0,0,0,0,0,0,0,0,0,0,0,0,-8,4,-8,4,-9,4,-9,4,-10,4,-10,3,-10,3,-10,3,-10,3,-11,2,-11,2,-12,2,-12,2,-12,2,-11,1,-12,1,-11,1,-12,1,-11,1,-12,1,-12,0,-12,0,-11,0,-12,0,-12,0,-11,0,0,0,-11,0,-11,0,-11,1,-11,1,-10,0,-11,1,-11,1,-10,1,-10,2,-11,2,-10,2,-10,2,-10,2,-10,3,-10,3,-10,3,-11,3,-10,3,-10,4,-10,4,-10,4,-10,4,-10,4,-10,5,-10,4,-10,5,0,0,0,0,0,0,0,0,0,0,0,0,0,0,45,31,42,37,46,36,41,32,43,33,42,30,44,32,42,29,44,26,38,27,43,28,39,26,41,25,42,25,43,24,42,21,43,21,40,16,38,16,45,16,44,12,42,15,44,10,43,11,41,12,42,10,43,11,45,6,44,9,45,9,45,7,42,8,47,5,44,4,48,7,45,7,45,8,46,7,45,10,43,9,46,8,45,9,43,11,42,10,41,10,44,11,40,11,43,11,39,12,37,15,38,16,36,18,34,15,33,17,36,17,30,17,28,18,0,0,0,0,0,0,0,0,0,0,0,0,0,0,0,0,0,0,0,0,0,0,-33,36,-35,34,-38,37,-38,36,-41,35,-41,29,-44,30,-44,28,-46,29,-51,30,-51,28,-52,26,-52,28,-53,27,-53,24,-53,25,-51,23,-55,22,-53,23,-58,23,-54,18,-56,21,-56,16,-57,22,-57,17,-57,19,-50,17,-50,17,-51,23,-49,22,-50,23,-50,21,-50,21,-49,23,-51,21,-45,24,-47,25,-45,28,-44,28,-44,30,-42,29,-46,34,-41,31,-44,36,-39,33,-42,35,-41,33,-39,34,-40,41,-41,39,-40,42,-39,38,-38,38,-38,41,-37,43,-36,38,-39,52,0,0
2026-10-01T16:17:54.241601+00:00,2062422,-49,108023,6,unknown,384,0,0,0,0,0,0,0,0,0,0,0,0,7,4,7,4,8,4,7,5,8,5,7,5,7,6,7,6,7,6,7,6,7,7,7,7,7,8,7,8,6,8,7,9,6,8,6,8,6,8,6,8,6,8,6,8,6,8,5,8,5,9,5,8,0,0,5,8,5,8,5,8,6,8,5,7,6,7,6,7,6,7,6,7,6,6,6,7,6,6,7,6,7,6,7,6,7,6,8,6,8,5,8,6,8,5,8,5,8,5,8,5,9,5,9,5,9,4,0,0,0,0,0,0,0,0,0,0,0,0,0,0,-1,-59,10,-59,3,-61,2,-53,2,-58,0,-57,0,-52,0,-53,-2,-51,-2,-49,-5,-52,-7,-51,-6,-53,-7,-47,-5,-51,-8,-48,-10,-49,-11,-47,-11,-44,-12,-46,-14,-49,-13,-45,-16,-43,-19,-42,-17,-41,-17,-44,-16,-44,-20,-43,-19,-41,-22,-41,-22,-40,-24,-43,-21,-42,-21,-41,-24,-44,-21,-40,-21,-42,-23,-41,-22,-44,-20,-44,-19,-43,-17,-45,-16,-42,-16,-44,-17,-41,-15,-44,-14,-44,-15,-42,-14,-41,-10,-41,-11,-40,-10,-41,-9,-39,-7,-36,-6,-37,-5,-38,-2,-38,0,0,0,0,0,0,0,0,0,0,0,0,0,0,0,0,0,0,0,0,0,0,48,5,48,7,48,9,50,11,49,12,51,13,50,18,50,18,50,21,52,18,52,22,56,26,55,26,52,28,52,27,50,29,54,33,50,31,49,28,50,30,50,30,51,32,47,30,48,31,48,30,49,29,46,31,50,28,44,29,48,29,45,27,46,28,46,24,47,23,48,25,51,27,49,23,49,23,49,19,52,17,52,17,52,17,52,16,53,12,51,12,54,9,53,12,54,9,56,9,54,9,55,8,54,8,57,11,54,5,56,3,54,6,61,3,0,0
2026-10-01T16:17:54.362777+00:00,2062511,-48,108024,6,unknown,384,0,0,0,0,0,0,0,0,0,0,0,0,-5,-9,-4,-9,-4,-9,-4,-10,-4,-10,-3,-10,-3,-11,-3,-10,-3,-11,-3,-11,-2,-11,-2,-12,-2,-12,-1,-12,-1,-12,-1,-12,0,-11,0,-12,0,-11,0,-12,0,-12,0,-12,0,-11,0,-11,1,-12,0,-11,0,0,0,-11,0,-11,0,-11,0,-11,0,-11,-1,-11,0,-11,-1,-11,-1,-11,-1,-11,-1,-11,-2,-10,-2,-10,-2,-10,-2,-11,-2,-10,-2,-11,-3,-11,-3,-11,-3,-10,-3,-11,-3,-11,-3,-11,-4,-11,-4,-11,-4,-10,0,0,0,0,0,0,0,0,0,0,0,0,0,0,-41,37,-45,42,-43,41,-41,35,-40,40,-36,39,-38,37,-38,35,-36,36,-32,36,-36,38,-32,38,-32,38,-29,37,-27,38,-21,44,-25,44,-22,42,-22,40,-22,40,-22,43,-21,40,-18,40,-21,42,-20,41,-19,41,-16,41,-14,46,-13,41,-10,47,-11,43,-13,44,-16,45,-15,45,-12,45,-16,42,-17,44,-15,44,-15,43,-18,43,-15,44,-13,44,-16,41,-15,44,-16,41,-20,41,-19,38,-19,38,-20,37,-22,36,-22,35,-21,34,-24,31,-20,31,-21,30,-21,30,-23,28,0,0,0,0,0,0,0,0,0,0,0,0,0,0,0,0,0,0,0,0,0,0,-31,-37,-31,-40,-30,-43,-29,-43,-26,-45,-26,-46,-26,-48,-25,-49,-21,-52,-25,-50,-25,-52,-28,-52,-26,-55,-24,-58,-20,-55,-19,-56,-18,-59,-15,-59,-15,-59,-13,-59,-15,-57,-13,-59,-17,-55,-17,-54,-14,-55,-17,-55,-16,-55,-15,-53,-13,-54,-16,-53,-17,-52,-15,-52,-14,-52,-17,-51,-17,-53,-17,-49,-22,-47,-25,-49,-26,-45,-29,-46,-26,-47,-27,-50,-29,-47,-28,-48,-29,-42,-29,-47,-29,-45,-33,-45,-31,-48,-34,-42,-35,-44,-39,-44,-34,-46,-38,-42,-39,-41,-35,-44,-45,-45,0,0
2026-10-01T16:17:54.459718+00:00,2062633,-48,108025,6,unknown,384,0,0,0,0,0,0,0,0,0,0,0,0,-5,7,-6,6,-6,7,-7,7,-7,7,-7,6,-8,6,-8,6,-8,6,-9,6,-9,6,-9,6,-9,6,-10,5,-10,5,-10,5,-10,5,-10,5,-10,5,-10,5,-10,4,-10,4,-10,4,-10,4,-10,4,-10,4,0,0,-10,4,-9,4,-9,4,-9,4,-9,4,-9,4,-9,4,-9,5,-9,5,-8,5,-8,5,-8,5,-8,5,-8,6,-8,6,-8,6,-8,6,-8,7,-8,6,-7,7,-8,7,-7,7,-8,7,-7,8,-8,8,-7,8,0,0,0,0,0,0,0,0,0,0,0,0,0,0,54,15,55,19,55,19,48,15,52,17,51,14,50,15,52,14,48,12,44,11,49,10,46,9,48,8,49,9,48,7,48,4,48,3,44,3,44,1,45,0,45,0,44,2,46,-4,45,-2,43,-4,44,-4,44,-5,45,-6,46,-5,45,-7,45,-9,45,-8,46,-9,46,-10,44,-9,44,-7,46,-8,44,-9,46,-9,44,-8,48,-7,45,-5,45,-4,45,-5,45,-5,45,-2,44,-4,44,-2,40,0,42,2,41,1,41,2,40,3,37,4,36,6,36,8,35,8,0,0,0,0,0,0,0,0,0,0,0,0,0,0,0,0,0,0,0,0,0,0,-21,43,-21,43,-24,45,-26,44,-28,43,-30,42,-31,43,-30,42,-34,42,-36,45,-37,44,-36,44,-40,47,-39,44,-39,44,-43,40,-44,41,-43,38,-44,41,-45,41,-43,39,-44,38,-43,37,-43,39,-45,38,-43,37,-41,35,-44,35,-42,36,-42,39,-38,35,-40,36,-38,37,-37,39,-37,39,-37,40,-36,41,-34,40,-32,42,-30,44,-30,42,-32,45,-30,44,-27,47,-25,44,-26,47,-26,46,-25,51,-25,51,-24,50,-24,49,-26,49,-25,48,-18,50,-21,51,-22,51,-19,61,0,0
2026-10-01T16:17:54.562743+00:00,2062733,-48,108026,6,unknown,384,0,0,0,0,0,0,0,0,0,0,0,0,-7,5,-7,5,-8,5,-8,5,-9,5,-8,4,-9,4,-9,4,-9,4,-10,4,-10,3,-11,3,-11,3,-11,3,-11,3,-11,3,-11,2,-11,2,-11,2,-11,2,-11,2,-11,2,-11,1,-11,1,-11,1,-11,1,0,0,-11,2,-11,2,-10,2,-10,2,-10,2,-10,2,-10,2,-9,3,-10,2,-10,3,-10,3,-9,3,-10,3,-9,3,-9,4,-9,4,-10,4,-9,5,-9,4,-9,5,-9,5,-9,5,-9,5,-10,6,-9,5,-9,6,0,0,0,0,0,0,0,0,0,0,0,0,0,0,45,36,38,47,43,41,37,34,43,36,38,34,39,36,39,34,40,33,35,30,40,28,38,27,40,28,41,26,39,24,42,22,43,22,42,22,41,19,43,23,41,20,40,19,41,17,42,15,42,13,42,13,41,13,45,13,44,14,45,12,44,14,46,11,45,14,45,13,44,14,44,13,45,12,46,10,44,11,43,12,47,13,43,13,42,14,43,16,41,14,41,18,41,18,41,20,35,18,37,18,34,21,35,15,34,17,29,24,30,24,27,16,32,15,0,0,0,0,0,0,0,0,0,0,0,0,0,0,0,0,0,0,0,0,0,0,-36,33,-35,32,-41,31,-43,30,-43,30,-44,26,-44,27,-45,28,-49,25,-50,29,-51,25,-51,26,-53,26,-54,23,-53,23,-58,20,-56,18,-55,17,-54,20,-55,20,-54,19,-55,18,-54,17,-55,19,-55,15,-54,17,-53,15,-53,17,-53,17,-51,19,-50,17,-50,19,-51,19,-47,24,-51,21,-48,18,-48,22,-47,22,-45,26,-45,30,-45,26,-48,28,-46,27,-45,30,-40,27,-44,31,-42,32,-41,37,-44,36,-42,38,-44,36,-43,35,-42,36,-37,37,-41,39,-39,40,-42,50,0,0
2026-10-01T16:17:54.659704+00:00,2062833,-48,108027,6,unknown,384,0,0,0,0,0,0,0,0,0,0,0,0,-5,7,-6,7,-6,7,-7,7,-7,7,-7,7,-7,7,-8,7,-8,6,-8,7,-9,6,-9,7,-9,6,-9,6,-9,6,-10,6,-10,6,-10,6,-10,6,-10,6,-10,5,-10,5,-10,5,-10,5,-10,5,-10,5,0,0,-9,5,-9,5,-9,5,-9,6,-9,5,-9,6,-9,5,-8,6,-8,5,-8,6,-8,6,-8,6,-8,6,-7,7,-7,7,-7,7,-7,8,-7,8,-7,8,-6,8,-7,8,-7,8,-7,8,-6,9,-6,9,-6,9,0,0,0,0,0,0,0,0,0,0,0,0,0,0,57,4,56,7,60,6,53,7,58,5,52,3,54,6,54,5,51,1,48,0,53,0,47,-2,51,-3,49,-3,49,-5,48,-8,49,-7,48,-11,44,-11,47,-8,48,-10,44,-10,44,-15,45,-13,44,-12,44,-13,42,-16,44,-18,43,-18,43,-21,41,-20,43,-21,44,-21,42,-22,44,-21,42,-18,45,-20,45,-20,45,-17,45,-18,47,-19,43,-16,43,-16,44,-17,43,-13,45,-13,42,-11,43,-13,41,-10,41,-10,38,-10,42,-9,39,-4,37,-6,39,-5,37,-2,37,0,0,0,0,0,0,0,0,0,0,0,0,0,0,0,0,0,0,0,0,0,0,0,-8,46,-11,47,-12,49,-14,51,-18,50,-19,47,-21,49,-20,48,-24,48,-25,52,-23,53,-24,52,-26,53,-29,52,-28,50,-32,49,-33,48,-34,48,-32,52,-37,48,-35,49,-36,47,-33,45,-33,48,-35,46,-34,47,-34,44,-33,44,-34,45,-33,46,-31,44,-31,46,-30,45,-27,46,-28,49,-33,48,-24,50,-22,50,-22,49,-19,52,-19,50,-22,52,-20,51,-18,54,-17,49,-15,53,-16,52,-13,54,-14,59,-12,55,-12,55,-11,56,-13,54,-7,56,-8,57,-10,57,-6,66,0,0
2026-10-01T16:17:54.774816+00:00,2062933,-48,108028,6,unknown,384,0,0,0,0,0,0,0,0,0,0,0,0,-6,-8,-6,-8,-6,-8,-6,-9,-6,-9,-5,-9,-5,-9,-4,-9,-5,-10,-4,-10,-4,-10,-4,-11,-4,-11,-4,-11,-3,-11,-3,-11,-3,-11,-2,-11,-3,-11,-2,-11,-2,-11,-2,-11,-2,-11,-2,-11,-2,-11,-2,-11,0,0,-2,-11,-2,-11,-2,-10,-2,-10,-2,-10,-2,-10,-3,-10,-3,-10,-3,-10,-3,-10,-3,-10,-3,-9,-4,-10,-4,-10,-4,-10,-5,-9,-5,-10,-5,-10,-5,-9,-5,-9,-5,-10,-5,-9,-5,-10,-6,-10,-6,-10,-6,-9,0,0,0,0,0,0,0,0,0,0,0,0,0,0,-14,53,-15,56,-18,55,-15,51,-14,56,-14,51,-13,50,-15,50,-10,50,-9,50,-10,51,-7,48,-8,49,-5,45,-6,47,-2,50,-1,50,0,46,1,45,-1,47,2,49,0,44,6,45,3,46,5,44,6,45,8,46,10,46,8,45,9,45,10,45,10,44,9,47,8,47,11,48,6,43,9,45,11,46,9,46,8,46,7,46,6,47,6,46,5,45,6,43,3,46,3,45,2,42,3,43,0,43,-2,42,-1,41,-3,38,-2,38,-6,37,-7,36,-9,36,0,0,0,0,0,0,0,0,0,0,0,0,0,0,0,0,0,0,0,0,0,0,-45,-13,-45,-16,-48,-19,-47,-21,-47,-22,-47,-24,-46,-26,-49,-26,-46,-29,-48,-29,-48,-31,-51,-32,-51,-34,-48,-35,-46,-35,-47,-39,-46,-42,-45,-41,-45,-40,-43,-39,-42,-39,-42,-42,-44,-38,-44,-40,-40,-40,-43,-39,-41,-38,-39,-35,-39,-39,-40,-38,-42,-36,-40,-35,-39,-36,-43,-34,-42,-35,-43,-32,-45,-28,-47,-30,-47,-28,-50,-27,-45,-26,-49,-28,-49,-25,-49,-26,-49,-24,-52,-24,-51,-23,-52,-20,-53,-21,-51,-19,-51,-20,-51,-20,-54,-18,-56,-16,-54,-18,-52,-18,-60,-15,0,0
2026-10-01T16:17:54.878417+00:00,2063044,-48,108029,6,unknown,384,0,0,0,0,0,0,0,0,0,0,0,0,3,-9,4,-8,4,-9,5,-9,5,-9,5,-8,6,-8,6,-8,6,-8,7,-8,7,-8,7,-9,7,-9,8,-8,8,-8,8,-8,8,-8,8,-7,8,-7,8,-7,8,-7,8,-7,8,-7,9,-7,9,-7,8,-7,0,0,8,-7,8,-7,8,-6,8,-7,8,-7,8,-7,8,-7,7,-7,7,-7,7,-7,7,-7,6,-7,6,-8,6,-8,6,-8,6,-8,6,-9,6,-9,6,-8,5,-9,6,-9,5,-9,6,-9,5,-10,5,-10,5,-9,0,0,0,0,0,0,0,0,0,0,0,0,0,0,-59,-12,-58,-14,-58,-12,-55,-5,-58,-9,-52,-9,-56,-5,-56,-4,-54,-6,-51,-4,-52,-4,-52,-1,-51,-2,-53,1,-51,1,-49,5,-50,4,-48,6,-45,4,-49,4,-45,10,-47,9,-49,12,-46,9,-45,6,-44,9,-47,12,-47,17,-47,13,-47,14,-44,17,-45,15,-47,15,-47,18,-44,18,-44,15,-51,13,-46,14,-47,13,-44,11,-49,14,-47,15,-46,12,-48,13,-44,9,-47,11,-45,9,-46,7,-44,4,-46,3,-42,3,-43,1,-40,0,-40,0,-39,-1,-39,-3,-37,-4,0,0,0,0,0,0,0,0,0,0,0,0,0,0,0,0,0,0,0,0,0,0,6,-48,11,-48,10,-53,11,-52,14,-53,14,-49,18,-51,21,-49,23,-52,25,-54,25,-54,24,-55,26,-56,27,-54,26,-50,33,-52,30,-50,35,-52,34,-52,35,-49,37,-49,36,-48,35,-48,34,-50,36,-46,32,-50,31,-45,31,-44,33,-48,31,-48,28,-43,30,-46,33,-48,30,-45,29,-50,26,-43,25,-48,21,-50,20,-48,17,-50,20,-48,21,-55,19,-52,18,-55,13,-53,17,-54,19,-51,16,-55,14,-54,14,-58,10,-60,8,-58,10,-54,11,-57,10,-60,16,-58,5,-59,0,0
2026-10-01T16:17:54.968349+00:00,2063144,-49,108030,6,unknown,384,0,0,0,0,0,0,0,0,0,0,0,0,6,5,6,6,6,6,6,7,6,7,6,7,6,7,6,7,6,8,5,8,5,9,5,9,5,9,4,9,4,9,5,10,4,9,4,9,4,9,4,9,4,9,4,9,4,9,3,9,3,10,3,9,0,0,3,9,4,9,4,9,4,9,4,8,4,8,4,8,5,8,5,8,5,8,4,8,4,8,5,8,5,7,6,7,6,7,6,8,6,7,7,7,7,6,7,7,7,6,7,7,7,7,7,7,7,6,0,0,0,0,0,0,0,0,0,0,0,0,0,0,56,-19,56,-13,52,-19,53,-22,51,-19,51,-19,49,-25,50,-23,47,-20,48,-23,47,-22,46,-23,44,-22,41,-24,44,-26,41,-27,41,-30,39,-30,37,-27,37,-28,34,-30,36,-27,32,-33,34,-29,34,-31,35,-31,33,-34,32,-38,30,-36,31,-36,27,-37,30,-37,33,-37,29,-35,32,-38,31,-35,31,-36,30,-36,35,-36,33,-34,36,-37,35,-37,34,-33,32,-33,33,-33,34,-31,35,-30,34,-29,36,-26,36,-27,36,-25,35,-22,33,-21,32,-19,33,-22,34,-19,34,-15,0,0,0,0,0,0,0,0,0,0,0,0,0,0,0,0,0,0,0,0,0,0,13,44,11,46,11,50,8,50,8,51,5,52,1,54,1,54,-1,54,1,56,1,56,-1,59,-2,61,-4,61,-4,60,-8,58,-8,60,-7,59,-7,58,-10,56,-13,56,-15,57,-11,56,-11,59,-11,53,-9,56,-8,53,-10,54,-10,55,-7,56,-8,54,-8,54,-8,53,-6,51,-5,54,-7,55,-1,52,-2,56,3,53,3,55,5,52,5,55,6,54,8,55,8,53,9,56,9,53,8,57,9,52,11,57,15,54,16,55,15,55,13,53,15,53,12,55,22,54,0,0
2026-10-01T16:17:55.065219+00:00,2063244,-49,108031,6,unknown,384,0,0,0,0,0,0,0,0,0,0,0,0,5,7,4,7,5,8,4,8,4,8,3,8,3,9,3,8,3,9,3,9,3,9,3,10,3,10,2,10,2,10,2,10,2,10,2,10,1,10,1,10,1,10,1,10,1,10,1,10,1,10,1,10,0,0,1,9,1,10,1,10,2,10,2,9,2,9,2,9,2,9,2,9,3,9,3,9,3,9,3,9,3,9,4,9,4,8,4,9,4,9,4,8,5,8,5,9,5,8,5,9,6,9,5,8,6,8,0,0,0,0,0,0,0,0,0,0,0,0,0,0,31,-52,26,-53,27,-46,28,-52,28,-47,25,-45,22,-56,20,-45,26,-49,22,-46,21,-47,20,-48,18,-47,19,-47,17,-46,16,-49,12,-48,13,-46,11,-43,8,-48,6,-46,10,-50,7,-44,5,-46,5,-46,2,-43,5,-51,1,-51,2,-48,-1,-47,0,-46,-2,-45,-2,-50,-2,-46,-4,-51,0,-46,1,-49,-1,-48,1,-50,0,-47,1,-53,2,-51,3,-48,3,-46,3,-44,3,-51,5,-44,4,-49,6,-42,8,-47,9,-41,8,-44,8,-37,10,-41,9,-37,11,-37,12,-34,0,0,0,0,0,0,0,0,0,0,0,0,0,0,0,0,0,0,0,0,0,0,36,28,34,30,39,34,37,33,36,40,32,38,33,42,33,42,33,41,32,48,35,47,35,51,33,50,31,49,26,47,31,53,29,50,28,56,27,51,26,51,23,53,25,50,26,55,27,51,25,52,25,51,24,48,23,45,28,52,27,48,29,49,26,44,26,47,28,44,31,47,31,43,33,43,35,46,34,41,35,39,33,35,40,40,37,35,42,39,38,34,44,39,38,37,43,35,43,33,48,37,48,34,45,30,44,30,49,35,49,32,44,34,56,31,0,0
2026-10-01T16:17:55.156899+00:00,2063333,-49,108032,6,unknown,384,0,0,0,0,0,0,0,0,0,0,0,0,4,7,4,7,4,8,3,8,4,8,3,8,3,9,3,8,3,9,2,9,2,10,2,10,2,10,2,10,2,10,1,10,1,10,1,10,1,10,1,11,1,10,1,10,0,10,0,10,0,10,0,10,0,0,1,9,1,10,1,9,1,9,1,9,1,9,1,9,2,9,2,9,2,9,2,9,2,8,2,9,3,8,3,9,3,8,4,9,4,9,4,9,4,8,4,9,5,8,5,9,5,9,5,8,5,8,0,0,0,0,0,0,0,0,0,0,0,0,0,0,33,-49,38,-46,35,-51,35,-45,26,-46,30,-49,29,-41,30,-46,24,-41,26,-45,25,-45,23,-44,22,-46,15,-41,18,-46,13,-49,11,-48,13,-47,12,-47,15,-45,14,-52,10,-42,7,-46,8,-43,9,-45,10,-46,5,-46,0,-49,-1,-48,-5,-50,-1,-49,1,-52,4,-45,4,-50,3,-46,4,-47,4,-49,2,-47,2,-49,5,-51,-1,-45,4,-46,5,-48,5,-48,6,-49,8,-44,9,-48,9,-41,8,-42,12,-44,11,-42,11,-40,12,-38,7,-35,11,-34,13,-37,16,-35,0,0,0,0,0,0,0,0,0,0,0,0,0,0,0,0,0,0,0,0,0,0,34,30,34,35,31,37,35,42,28,38,33,43,28,43,31,47,26,47,28,41,31,47,33,49,31,49,30,51,29,52,23,52,25,58,18,53,24,54,19,53,20,52,17,53,22,51,26,53,23,50,27,50,23,52,22,53,18,47,22,55,22,46,22,50,20,47,26,46,23,45,23,46,27,39,32,43,33,41,35,43,35,45,31,43,35,48,31,38,36,37,39,41,36,40,39,37,40,41,39,31,40,34,43,33,43,41,41,30,46,32,44,35,52,37,0,0
2026-10-01T16:17:55.256947+00:00,2063432,-48,108033,6,unknown,384,0,0,0,0,0,0,0,0,0,0,0,0,-2,8,-2,8,-2,9,-3,9,-3,9,-3,9,-4,9,-4,9,-4,9,-5,10,-5,9,-5,9,-6,9,-6,9,-6,9,-7,9,-6,8,-7,9,-6,9,-7,8,-7,8,-7,8,-7,8,-7,8,-7,8,-7,8,0,0,-7,8,-7,8,-7,8,-6,8,-6,8,-6,8,-6,8,-6,8,-6,8,-5,8,-5,8,-5,8,-5,8,-5,8,-5,9,-4,9,-5,9,-4,9,-4,9,-4,9,-5,9,-4,10,-4,11,-4,10,-4,11,-3,10,0,0,0,0,0,0,0,0,0,0,0,0,0,0,46,-22,54,-18,66,-16,58,-15,46,-22,53,-23,47,-24,46,-25,44,-16,45,-21,39,-15,45,-19,40,-27,45,-21,41,-33,39,-27,37,-28,38,-31,30,-26,34,-32,38,-32,41,-25,30,-32,31,-20,29,-29,32,-30,32,-30,34,-35,25,-32,32,-35,27,-44,28,-29,31,-40,32,-29,30,-34,32,-32,35,-26,37,-29,38,-31,32,-27,28,-34,35,-32,30,-37,31,-30,36,-33,36,-30,35,-27,36,-28,29,-19,37,-21,42,-17,35,-18,33,-18,30,-14,33,-20,31,-18,37,-13,0,0,0,0,0,0,0,0,0,0,0,0,0,0,0,0,0,0,0,0,0,0,15,43,14,44,13,45,11,49,9,47,9,48,5,49,4,49,0,55,3,54,6,55,6,55,5,56,2,57,0,55,-5,56,-6,57,-8,56,-4,58,-9,57,-9,56,-10,56,-8,53,-5,56,-7,54,-4,55,-3,52,-9,53,-5,51,-7,54,-6,52,-5,51,-8,51,-5,52,-6,51,-3,53,2,51,3,51,7,50,7,52,5,52,5,51,6,53,7,52,9,51,7,51,9,49,11,53,10,61,16,46,14,55,14,44,9,55,14,58,16,63,17,58,17,58,0,0
2026-10-01T16:17:55.374636+00:00,2063532,-48,108034,6,unknown,384,0,0,0,0,0,0,0,0,0,0,0,0,-6,-7,-6,-8,-6,-8,-5,-8,-5,-9,-5,-9,-5,-9,-4,-9,-5,-10,-4,-10,-4,-11,-4,-11,-4,-11,-4,-11,-3,-11,-3,-12,-3,-11,-3,-11,-3,-11,-3,-11,-2,-11,-2,-11,-2,-11,-2,-11,-2,-11,-2,-11,0,0,-2,-10,-3,-11,-2,-11,-3,-10,-2,-10,-3,-10,-3,-10,-3,-10,-3,-10,-4,-10,-4,-10,-4,-9,-4,-10,-4,-9,-4,-10,-5,-10,-5,-10,-5,-9,-5,-10,-6,-9,-5,-9,-5,-9,-6,-10,-7,-9,-6,-9,-6,-9,0,0,0,0,0,0,0,0,0,0,0,0,0,0,-33,46,-36,45,-33,49,-32,46,-29,47,-27,45,-28,47,-28,45,-24,44,-23,43,-26,45,-23,44,-25,44,-21,43,-18,46,-13,47,-13,48,-11,44,-11,42,-13,46,-11,45,-11,43,-8,45,-11,44,-13,44,-9,46,-8,45,-3,48,-2,45,-2,49,0,46,-4,47,-4,48,-2,48,-2,47,-4,47,-8,50,-5,49,-7,47,-6,47,-4,47,-3,47,-4,48,-6,48,-7,45,-9,45,-9,43,-12,44,-12,41,-14,41,-15,37,-16,38,-16,35,-12,37,-14,36,-13,34,-16,34,0,0,0,0,0,0,0,0,0,0,0,0,0,0,0,0,0,0,0,0,0,0,-37,-28,-38,-30,-39,-32,-37,-35,-34,-34,-36,-37,-34,-40,-34,-42,-31,-45,-32,-44,-37,-46,-38,-44,-38,-45,-35,-47,-31,-47,-33,-52,-32,-50,-29,-50,-31,-50,-25,-53,-25,-52,-23,-56,-26,-50,-31,-50,-28,-48,-30,-48,-27,-46,-25,-48,-26,-49,-26,-49,-29,-47,-27,-46,-25,-49,-27,-45,-25,-49,-28,-44,-32,-41,-38,-40,-36,-39,-40,-39,-36,-39,-38,-39,-38,-38,-39,-38,-40,-37,-40,-38,-41,-38,-40,-37,-42,-38,-42,-36,-45,-32,-44,-31,-42,-37,-46,-33,-50,-31,-45,-32,-51,-33,0,0
2026-10-01T16:17:55.471569+00:00,2063644,-49,108035,6,unknown,384,0,0,0,0,0,0,0,0,0,0,0,0,5,-8,5,-7,6,-8,6,-8,6,-7,6,-7,7,-7,7,-7,8,-7,7,-7,8,-7,8,-7,9,-7,8,-6,9,-6,9,-6,9,-6,9,-6,9,-6,9,-5,9,-6,10,-5,9,-5,9,-5,10,-5,9,-5,0,0,9,-5,9,-5,9,-5,9,-5,9,-5,9,-5,8,-5,8,-6,8,-5,8,-6,8,-6,7,-6,8,-6,7,-6,7,-7,7,-7,7,-8,7,-7,7,-8,7,-8,7,-8,7,-8,7,-8,7,-9,7,-9,6,-9,0,0,0,0,0,0,0,0,0,0,0,0,0,0,-55,-13,-55,-14,-56,-16,-53,-14,-58,-14,-51,-12,-54,-12,-53,-14,-49,-11,-47,-9,-51,-7,-47,-7,-49,-7,-51,-7,-50,-5,-49,-2,-49,-1,-47,-1,-44,-2,-49,-1,-47,1,-45,-1,-45,5,-46,6,-46,6,-48,4,-45,5,-46,9,-47,8,-47,10,-48,8,-44,9,-48,10,-47,10,-48,9,-47,6,-47,9,-49,8,-48,7,-47,10,-50,9,-47,5,-47,4,-46,4,-46,4,-48,2,-45,-2,-47,0,-44,-2,-42,-1,-41,-4,-43,-3,-41,-5,-40,-6,-37,-7,-39,-10,-36,-10,0,0,0,0,0,0,0,0,0,0,0,0,0,0,0,0,0,0,0,0,0,0,12,-47,13,-46,16,-49,18,-49,20,-48,19,-45,22,-47,20,-48,26,-50,28,-50,28,-49,29,-50,32,-49,34,-50,31,-47,36,-46,36,-46,38,-45,37,-47,37,-45,39,-46,38,-44,37,-43,40,-42,41,-41,37,-42,35,-40,38,-38,34,-43,37,-43,33,-42,34,-41,32,-43,32,-44,32,-44,33,-44,30,-46,28,-45,25,-46,27,-48,24,-46,26,-50,23,-47,25,-51,21,-48,22,-50,18,-49,17,-54,18,-53,18,-54,21,-50,18,-53,18,-51,13,-50,16,-57,17,-56,14,-61,0,0
2026-10-01T16:17:55.568529+00:00,2063744,-49,108036,6,unknown,384,0,0,0,0,0,0,0,0,0,0,0,0,8,2,8,2,8,2,8,3,8,3,8,4,8,4,8,4,8,5,8,5,8,5,8,5,8,5,8,6,7,6,8,7,8,7,7,6,7,7,7,7,7,7,7,7,6,7,7,7,7,7,7,7,0,0,6,7,7,6,7,7,6,6,6,6,7,6,7,6,6,6,6,6,7,5,7,5,7,5,7,5,7,5,8,5,8,5,8,5,8,4,8,5,8,4,8,4,7,4,9,3,9,4,9,4,8,3,0,0,0,0,0,0,0,0,0,0,0,0,0,0,-2,-52,4,-54,0,-62,2,-51,-3,-45,-11,-56,-1,-62,9,-53,4,-51,-5,-56,-4,-56,-6,-49,-11,-51,-7,-41,-13,-41,-16,-49,-7,-51,-16,-39,-19,-47,-13,-46,-21,-52,-6,-46,-21,-44,-21,-43,-13,-43,-17,-43,-18,-41,-24,-48,-19,-41,-18,-46,-30,-34,-27,-39,-20,-35,-23,-49,-21,-40,-28,-43,-16,-47,-18,-37,-21,-39,-16,-42,-27,-38,-15,-39,-24,-37,-15,-44,-10,-48,-17,-43,-14,-45,-13,-43,-19,-45,-13,-34,-11,-38,-13,-42,-8,-39,-9,-37,-8,-42,-5,-29,-1,-41,0,0,0,0,0,0,0,0,0,0,0,0,0,0,0,0,0,0,0,0,0,0,47,-2,48,-3,48,5,52,4,51,4,53,7,52,10,53,9,52,13,53,10,57,12,58,10,58,16,57,17,54,19,57,23,57,25,50,23,54,24,52,27,53,23,51,28,51,24,53,23,53,23,53,19,50,20,51,22,48,25,51,26,46,21,49,21,48,20,49,18,48,21,51,18,48,11,53,15,51,11,54,13,52,13,53,13,53,13,50,7,52,8,56,9,52,8,56,5,60,4,52,1,55,8,51,9,58,2,54,-3,57,-2,57,4,58,3,0,0
2026-10-01T16:17:55.666406+00:00,2063844,-51,108037,6,unknown,384,0,0,0,0,0,0,0,0,0,0,0,0,7,4,7,5,7,5,7,5,7,6,7,6,7,6,6,6,7,7,7,7,7,8,7,8,7,8,6,8,6,8,6,9,6,8,6,8,5,8,6,9,5,8,5,9,4,9,5,9,5,9,5,9,0,0,5,8,5,8,5,8,5,8,5,8,5,8,5,8,5,7,5,7,6,7,6,7,6,7,6,7,6,7,7,6,7,6,7,7,7,6,7,6,8,6,7,6,7,5,8,6,9,6,8,5,8,5,0,0,0,0,0,0,0,0,0,0,0,0,0,0,-1,-58,9,-57,2,-61,2,-55,1,-57,-2,-58,1,-53,0,-54,-2,-48,-4,-52,-4,-56,-6,-50,-2,-53,-10,-45,-10,-48,-16,-47,-14,-47,-14,-45,-14,-45,-11,-46,-14,-48,-12,-44,-18,-42,-15,-44,-17,-43,-17,-44,-20,-43,-25,-44,-26,-42,-27,-40,-26,-40,-24,-44,-20,-42,-22,-44,-23,-43,-23,-42,-23,-44,-24,-42,-23,-42,-22,-48,-22,-43,-23,-45,-22,-42,-21,-44,-19,-45,-16,-44,-16,-45,-17,-40,-12,-44,-13,-43,-12,-42,-11,-42,-9,-41,-10,-39,-11,-38,-9,-39,-6,-38,0,0,0,0,0,0,0,0,0,0,0,0,0,0,0,0,0,0,0,0,0,0,49,5,53,6,52,11,53,13,51,14,55,18,51,19,54,19,52,24,54,15,55,19,58,22,59,22,58,25,54,26,51,31,57,34,49,32,54,31,49,34,52,32,46,35,49,30,53,28,52,30,52,27,51,26,47,29,45,30,50,32,46,28,50,27,46,29,50,23,51,24,51,26,47,16,53,17,51,13,54,15,54,15,52,15,54,19,48,14,53,15,56,14,57,12,55,8,57,11,54,6,54,4,58,3,59,10,51,5,57,3,58,4,63,5,0,0
2026-10-01T16:17:55.769238+00:00,2063933,-53,108038,6,unknown,384,0,0,0,0,0,0,0,0,0,0,0,0,-5,8,-5,7,-6,8,-6,8,-6,8,-7,7,-7,7,-7,7,-8,7,-8,7,-8,7,-9,7,-9,7,-9,7,-9,6,-10,7,-9,6,-9,6,-10,6,-10,6,-9,6,-10,6,-9,5,-10,5,-10,5,-9,5,0,0,-10,5,-10,6,-9,5,-9,6,-9,5,-9,6,-8,6,-8,6,-8,5,-8,6,-8,7,-7,6,-8,7,-7,7,-7,7,-7,7,-7,8,-7,8,-7,8,-6,8,-7,8,-6,8,-7,8,-6,8,-6,8,-6,9,0,0,0,0,0,0,0,0,0,0,0,0,0,0,53,-7,55,3,57,-4,53,-2,56,-5,50,-6,52,-7,52,-5,50,-8,43,-7,49,-10,45,-11,48,-11,49,-10,46,-11,46,-14,47,-14,42,-16,40,-17,43,-15,40,-16,40,-16,37,-20,40,-20,39,-20,38,-20,40,-22,38,-24,39,-21,38,-25,39,-24,39,-23,40,-24,38,-25,41,-28,39,-22,42,-24,38,-27,40,-24,39,-25,43,-24,41,-22,37,-22,40,-22,39,-21,41,-19,38,-17,41,-18,37,-16,37,-13,37,-15,39,-12,38,-12,38,-11,37,-5,38,-6,34,-4,0,0,0,0,0,0,0,0,0,0,0,0,0,0,0,0,0,0,0,0,0,0,1,47,0,47,-3,51,-5,51,-7,53,-9,49,-7,52,-11,52,-13,54,-14,57,-18,58,-14,58,-17,56,-19,57,-20,54,-26,58,-23,57,-24,54,-22,52,-26,53,-23,56,-26,52,-27,53,-25,50,-25,51,-25,52,-24,48,-24,47,-24,49,-21,50,-21,50,-22,49,-22,48,-16,49,-21,48,-17,53,-14,54,-14,53,-14,49,-10,54,-11,51,-11,56,-10,52,-7,58,-5,50,-8,53,-4,54,-2,53,-5,56,-4,56,-3,52,-3,56,-2,51,-2,53,0,55,1,55,4,63,0,0
2026-10-01T16:17:55.878192+00:00,2064044,-54,108039,6,unknown,384,0,0,0,0,0,0,0,0,0,0,0,0,7,-5,7,-4,8,-4,8,-4,9,-4,8,-3,9,-3,9,-3,9,-3,10,-3,10,-2,10,-2,10,-2,10,-2,10,-1,11,-1,10,-1,10,-1,10,-1,10,0,10,0,10,0,10,0,10,0,10,0,10,0,0,0,10,0,10,0,10,0,10,-1,9,-1,10,-1,9,-1,9,-1,9,-1,9,-2,9,-2,9,-2,9,-2,9,-2,9,-3,9,-3,10,-3,9,-3,9,-3,9,-4,9,-3,9,-4,9,-4,9,-4,9,-4,9,-4,0,0,0,0,0,0,0,0,0,0,0,0,0,0,-28,-47,-20,-55,-29,-51,-21,-48,-28,-46,-27,-47,-27,-45,-28,-46,-26,-41,-25,-44,-29,-41,-27,-41,-28,-41,-30,-37,-31,-36,-34,-34,-31,-33,-31,-33,-32,-30,-31,-32,-35,-32,-31,-30,-36,-29,-33,-27,-34,-27,-34,-28,-36,-26,-37,-23,-41,-24,-41,-23,-40,-23,-37,-23,-37,-25,-40,-23,-36,-26,-42,-26,-39,-25,-39,-24,-38,-28,-34,-26,-38,-25,-38,-27,-38,-24,-36,-25,-34,-28,-36,-29,-34,-32,-32,-27,-30,-32,-30,-30,-27,-29,-28,-28,-27,-30,-23,-27,-26,-29,-22,-29,-19,-30,0,0,0,0,0,0,0,0,0,0,0,0,0,0,0,0,0,0,0,0,0,0,43,-25,45,-21,49,-22,50,-21,49,-19,50,-16,52,-15,54,-14,55,-12,54,-15,57,-14,59,-13,60,-11,58,-10,57,-7,59,-4,63,-3,58,2,61,-4,60,0,61,-1,60,0,58,2,60,-1,59,-1,60,-5,54,-2,56,1,51,-1,58,0,52,-2,56,-5,54,-4,54,-6,55,-6,51,0,49,-8,53,-10,50,-13,52,-16,53,-14,54,-11,54,-15,51,-16,51,-17,51,-17,49,-16,50,-22,54,-24,46,-24,51,-26,46,-27,52,-23,45,-23,53,-27,50,-25,54,-30,0,0
2026-10-01T16:17:55.986592+00:00,2064145,-54,108040,6,unknown,384,0,0,0,0,0,0,0,0,0,0,0,0,-9,-2,-10,-3,-10,-3,-10,-4,-10,-4,-10,-4,-10,-5,-10,-5,-10,-5,-10,-6,-10,-6,-10,-6,-10,-6,-10,-7,-10,-7,-10,-8,-9,-7,-9,-7,-9,-7,-9,-8,-9,-8,-9,-8,-8,-8,-9,-8,-9,-8,-9,-8,0,0,-9,-7,-9,-7,-9,-7,-9,-7,-9,-7,-9,-7,-9,-7,-9,-6,-9,-6,-9,-6,-9,-6,-9,-5,-9,-5,-9,-5,-10,-5,-10,-5,-10,-5,-10,-4,-10,-5,-10,-4,-10,-4,-10,-4,-11,-4,-11,-4,-11,-3,-11,-3,0,0,0,0,0,0,0,0,0,0,0,0,0,0,-1,54,-8,62,-3,57,-5,51,-1,55,2,53,-2,50,0,51,3,47,3,46,1,51,5,47,2,48,6,44,8,46,12,45,11,45,15,44,12,42,12,42,15,47,11,42,16,41,14,38,16,38,16,39,20,37,24,38,21,37,26,37,26,37,23,37,19,38,19,39,24,37,23,37,23,39,23,37,21,37,20,42,24,37,21,40,20,36,21,37,20,39,16,41,14,39,17,36,13,37,13,37,13,36,14,36,10,35,13,31,12,35,9,35,8,33,0,0,0,0,0,0,0,0,0,0,0,0,0,0,0,0,0,0,0,0,0,0,-50,-9,-51,-13,-52,-16,-52,-19,-52,-20,-54,-23,-51,-24,-52,-24,-50,-27,-53,-22,-54,-25,-55,-25,-57,-26,-54,-29,-54,-33,-49,-36,-55,-36,-47,-37,-51,-35,-47,-37,-51,-34,-44,-40,-48,-35,-51,-33,-52,-33,-51,-32,-48,-32,-49,-31,-44,-33,-49,-35,-43,-30,-44,-29,-47,-31,-46,-24,-51,-26,-44,-30,-46,-19,-50,-22,-50,-18,-52,-14,-52,-17,-52,-20,-53,-21,-49,-16,-49,-15,-58,-13,-52,-14,-54,-9,-56,-10,-55,-6,-54,-8,-57,-9,-56,-10,-55,-7,-55,-7,-59,-7,-64,-4,0,0
2026-10-01T16:17:56.083532+00:00,2064255,-54,108041,6,unknown,384,0,0,0,0,0,0,0,0,0,0,0,0,7,4,7,5,7,5,7,5,7,6,7,6,7,6,7,7,7,7,7,7,7,8,7,8,7,8,6,8,6,8,6,9,6,9,6,9,6,8,5,9,5,9,6,9,5,9,5,9,5,9,5,9,0,0,5,9,5,8,5,8,5,8,5,8,6,8,5,8,6,7,6,8,6,7,6,7,6,7,6,7,6,7,7,6,7,6,7,7,7,6,7,6,8,6,8,6,8,6,8,6,9,6,8,5,8,5,0,0,0,0,0,0,0,0,0,0,0,0,0,0,10,-58,16,-66,11,-58,10,-54,10,-58,9,-54,12,-56,13,-51,6,-52,7,-48,4,-52,5,-50,4,-48,3,-47,1,-48,0,-51,1,-50,-1,-49,-3,-44,-3,-49,-6,-48,-7,-47,-9,-43,-11,-43,-7,-42,-11,-46,-10,-48,-15,-45,-11,-44,-15,-44,-12,-44,-15,-45,-14,-46,-14,-42,-14,-47,-15,-43,-15,-44,-13,-44,-15,-44,-16,-46,-14,-47,-14,-47,-13,-44,-13,-46,-11,-45,-10,-46,-9,-43,-7,-44,-6,-42,-6,-42,-3,-40,-4,-40,-3,-40,0,-37,-1,-38,2,-38,2,-36,0,0,0,0,0,0,0,0,0,0,0,0,0,0,0,0,0,0,0,0,0,0,48,16,48,15,52,20,50,21,50,23,48,24,50,28,48,28,49,30,48,34,48,35,52,37,52,38,47,40,47,38,48,39,49,41,47,41,48,41,47,42,44,40,46,43,42,44,41,42,39,41,44,39,41,40,36,39,43,39,45,37,45,36,42,36,43,34,46,35,44,35,46,29,45,30,47,30,46,29,48,28,45,27,52,23,50,23,52,23,48,25,53,21,48,21,55,22,54,21,52,20,53,20,55,18,55,20,54,15,53,13,55,16,65,11,0,0
2026-10-01T16:17:56.178814+00:00,2064354,-51,108042,6,unknown,384,0,0,0,0,0,0,0,0,0,0,0,0,8,3,8,3,8,5,8,5,8,5,8,5,8,6,7,6,8,7,8,6,7,7,8,8,8,7,7,7,7,7,7,8,6,8,7,8,7,8,6,8,6,8,6,8,6,8,6,8,6,8,6,8,0,0,6,8,6,8,6,8,6,7,6,7,6,7,6,7,7,7,6,7,7,6,7,6,7,6,7,6,7,5,8,5,8,5,8,6,8,5,8,5,9,5,8,5,8,5,9,5,9,4,9,4,9,4,0,0,0,0,0,0,0,0,0,0,0,0,0,0,-7,-55,3,-57,-5,-61,-3,-57,-7,-57,-8,-55,-7,-53,-6,-49,-11,-50,-8,-49,-9,-53,-10,-47,-13,-50,-14,-46,-16,-45,-17,-45,-16,-46,-19,-41,-19,-40,-18,-42,-21,-44,-19,-41,-24,-36,-23,-40,-21,-40,-23,-38,-25,-40,-28,-38,-28,-37,-32,-37,-30,-36,-28,-39,-26,-37,-28,-36,-34,-40,-30,-37,-28,-38,-28,-37,-26,-39,-26,-40,-30,-39,-26,-37,-29,-38,-27,-36,-24,-39,-26,-41,-23,-36,-22,-40,-21,-39,-19,-39,-19,-37,-17,-39,-18,-37,-16,-36,-16,-34,-14,-36,-12,-36,0,0,0,0,0,0,0,0,0,0,0,0,0,0,0,0,0,0,0,0,0,0,51,3,49,4,52,10,52,10,55,11,51,12,52,18,53,20,54,20,53,19,57,23,56,20,59,22,57,24,52,24,56,28,56,28,53,29,54,27,52,32,49,30,50,31,50,33,54,29,51,28,52,27,52,25,49,26,48,24,50,24,51,26,50,26,49,23,50,21,50,26,53,21,51,16,52,17,51,14,53,12,50,15,53,10,52,10,53,10,53,9,57,8,55,11,54,5,54,5,57,4,57,-2,57,0,55,4,55,-1,59,-3,54,-3,62,-6,0,0
2026-10-01T16:17:56.288323+00:00,2064454,-53,108043,6,unknown,384,0,0,0,0,0,0,0,0,0,0,0,0,-7,-6,-7,-6,-7,-7,-7,-7,-7,-8,-7,-8,-7,-8,-6,-8,-7,-9,-6,-9,-6,-10,-6,-10,-6,-10,-6,-10,-5,-10,-6,-11,-5,-10,-5,-10,-5,-10,-5,-10,-5,-10,-5,-11,-4,-10,-4,-11,-4,-11,-4,-10,0,0,-4,-10,-5,-10,-4,-10,-5,-10,-5,-9,-5,-10,-5,-9,-5,-9,-5,-9,-6,-9,-6,-9,-6,-9,-6,-9,-6,-8,-7,-9,-7,-8,-7,-9,-7,-8,-7,-8,-8,-8,-7,-8,-8,-7,-8,-8,-8,-8,-8,-8,-8,-7,0,0,0,0,0,0,0,0,0,0,0,0,0,0,-33,39,-45,40,-39,45,-35,41,-34,42,-33,41,-32,41,-31,39,-31,41,-27,39,-29,41,-29,40,-25,42,-24,39,-24,40,-21,45,-21,44,-20,42,-17,41,-18,44,-17,43,-18,40,-14,41,-12,41,-15,41,-12,44,-13,45,-7,47,-8,42,-9,48,-5,45,-9,46,-10,46,-10,45,-6,47,-7,43,-9,47,-9,46,-10,46,-11,44,-11,46,-11,46,-11,45,-11,47,-14,44,-13,44,-13,41,-14,41,-16,40,-18,40,-15,37,-18,38,-20,34,-17,34,-19,33,-20,33,-20,29,0,0,0,0,0,0,0,0,0,0,0,0,0,0,0,0,0,0,0,0,0,0,-36,-34,-37,-36,-35,-38,-35,-42,-33,-41,-31,-43,-34,-46,-31,-48,-32,-50,-30,-51,-31,-51,-34,-53,-31,-54,-29,-56,-28,-54,-25,-55,-28,-58,-20,-57,-25,-55,-23,-56,-18,-56,-19,-56,-20,-55,-21,-54,-21,-55,-22,-54,-23,-50,-21,-52,-20,-52,-21,-55,-23,-51,-21,-50,-23,-51,-24,-50,-22,-51,-25,-48,-29,-44,-30,-46,-32,-45,-30,-45,-34,-45,-36,-49,-34,-46,-34,-43,-35,-44,-36,-43,-34,-40,-39,-42,-38,-41,-39,-42,-41,-39,-42,-41,-39,-42,-42,-40,-45,-37,-42,-37,-50,-39,0,0
2026-10-01T16:17:56.398847+00:00,2064566,-50,108044,6,unknown,384,0,0,0,0,0,0,0,0,0,0,0,0,-9,-2,-9,-2,-10,-3,-10,-3,-10,-3,-10,-3,-10,-4,-9,-4,-10,-5,-10,-4,-10,-5,-10,-5,-10,-5,-10,-6,-10,-6,-10,-6,-10,-6,-10,-6,-10,-6,-9,-7,-9,-7,-9,-7,-9,-7,-9,-7,-10,-7,-9,-7,0,0,-9,-7,-9,-6,-9,-6,-9,-6,-9,-6,-9,-6,-9,-6,-9,-5,-9,-5,-9,-5,-10,-4,-9,-4,-9,-4,-9,-4,-10,-4,-10,-3,-11,-4,-10,-3,-10,-3,-10,-3,-10,-3,-10,-3,-11,-3,-11,-2,-11,-2,-11,-2,0,0,0,0,0,0,0,0,0,0,0,0,0,0,14,53,15,60,17,56,10,53,17,50,16,51,15,50,17,50,17,48,18,48,19,48,18,44,22,45,24,40,23,41,27,42,26,39,25,38,25,36,24,40,26,40,22,35,31,34,27,32,29,33,27,35,31,32,35,31,36,29,34,31,33,30,34,32,33,34,34,31,33,33,34,31,35,31,34,33,34,33,31,33,34,33,32,32,29,33,32,32,30,32,29,35,27,35,28,34,26,33,24,34,22,35,22,34,20,34,21,31,19,32,17,31,16,33,0,0,0,0,0,0,0,0,0,0,0,0,0,0,0,0,0,0,0,0,0,0,-48,8,-50,5,-52,4,-52,3,-52,2,-53,0,-57,-3,-56,-4,-55,-7,-59,-1,-57,-4,-60,-5,-62,-8,-59,-10,-57,-9,-61,-17,-61,-17,-55,-18,-62,-14,-59,-17,-60,-18,-58,-18,-58,-16,-58,-16,-57,-12,-57,-13,-54,-12,-54,-15,-51,-17,-54,-15,-53,-15,-52,-11,-53,-11,-54,-8,-56,-10,-51,-12,-52,-5,-57,-6,-52,-1,-57,-1,-54,-1,-57,-2,-55,0,-54,3,-54,4,-58,5,-52,2,-55,8,-57,9,-55,8,-55,11,-57,11,-57,7,-53,11,-55,13,-56,13,-59,18,0,0
2026-10-01T16:17:56.498651+00:00,2064677,-49,108045,6,unknown,384,0,0,0,0,0,0,0,0,0,0,0,0,3,8,3,8,3,8,2,9,2,9,2,9,1,9,1,9,1,10,1,10,0,10,0,10,0,10,0,11,0,10,-1,11,-1,10,-1,10,-1,11,-1,11,-1,10,-1,11,-1,10,-2,10,-2,10,-1,10,0,0,-2,10,-1,10,-1,10,-1,10,-1,9,-1,10,-1,9,0,9,-1,9,0,10,0,9,1,9,1,9,1,9,1,9,1,9,2,9,2,9,2,9,2,10,2,9,3,10,3,9,3,9,3,9,3,8,0,0,0,0,0,0,0,0,0,0,0,0,0,0,32,-39,32,-45,46,-49,40,-33,42,-35,40,-48,35,-45,42,-43,31,-47,24,-36,22,-39,29,-35,25,-50,20,-36,28,-50,14,-44,21,-43,22,-46,16,-45,19,-43,17,-44,8,-34,20,-41,14,-47,14,-47,20,-37,11,-42,8,-49,9,-40,9,-51,13,-44,15,-39,9,-51,12,-45,3,-46,11,-46,17,-39,15,-41,13,-45,11,-48,20,-47,16,-34,10,-52,11,-40,17,-42,17,-39,17,-40,20,-45,26,-38,27,-42,17,-36,17,-35,34,-32,16,-35,27,-26,26,-34,18,-32,0,0,0,0,0,0,0,0,0,0,0,0,0,0,0,0,0,0,0,0,0,0,33,33,32,33,35,41,32,40,28,41,31,40,30,43,29,45,24,49,29,49,29,51,35,48,33,51,30,52,26,51,22,56,23,57,20,55,21,54,16,56,19,57,17,58,21,54,21,53,20,52,23,51,21,48,15,52,17,56,17,54,17,51,20,50,16,50,21,49,19,48,24,49,27,45,29,46,30,45,33,47,29,44,27,49,27,47,28,46,28,40,34,40,31,44,35,37,36,46,32,48,29,36,40,40,40,44,42,31,47,32,40,44,48,35,0,0
2026-10-01T16:17:56.598932+00:00,2064766,-50,108046,6,unknown,384,0,0,0,0,0,0,0,0,0,0,0,0,-6,6,-7,6,-7,6,-8,6,-8,5,-9,6,-9,5,-9,5,-9,5,-9,5,-10,5,-10,5,-10,5,-10,4,-11,4,-11,4,-11,4,-11,3,-11,3,-11,3,-11,3,-11,3,-10,3,-11,3,-11,3,-11,3,0,0,-10,2,-10,3,-11,3,-10,3,-10,3,-10,3,-10,3,-10,3,-10,3,-9,4,-9,4,-9,4,-9,4,-9,4,-9,4,-9,5,-9,5,-9,5,-9,5,-9,5,-9,5,-9,5,-9,6,-9,7,-8,6,-8,7,0,0,0,0,0,0,0,0,0,0,0,0,0,0,45,35,49,39,49,35,37,35,46,32,42,31,45,33,45,33,42,28,41,29,43,27,43,25,41,27,44,22,45,20,43,15,45,18,45,15,41,15,43,17,45,17,41,19,45,13,43,13,44,13,43,14,42,10,45,5,45,7,47,5,46,7,48,9,46,9,47,6,45,9,47,9,47,11,47,11,48,10,46,12,45,8,45,10,48,9,45,9,45,13,45,16,40,15,42,13,37,14,39,18,38,17,37,18,37,21,34,18,35,18,34,20,29,20,0,0,0,0,0,0,0,0,0,0,0,0,0,0,0,0,0,0,0,0,0,0,-30,40,-31,37,-35,37,-41,39,-41,34,-41,34,-42,31,-43,31,-49,29,-45,35,-45,37,-46,36,-49,36,-50,35,-48,31,-54,26,-55,29,-53,24,-55,27,-56,23,-56,26,-56,21,-52,23,-54,26,-54,26,-53,28,-52,26,-51,24,-53,21,-53,24,-48,21,-51,23,-51,24,-49,26,-48,25,-46,26,-42,30,-45,30,-41,33,-42,34,-43,33,-45,32,-45,31,-40,36,-40,35,-43,37,-40,33,-39,40,-45,40,-38,39,-37,41,-37,43,-41,40,-34,39,-37,47,-40,43,-38,50,0,0
2026-10-01T16:17:56.700701+00:00,2064867,-50,108047,6,unknown,384,0,0,0,0,0,0,0,0,0,0,0,0,-5,7,-6,7,-6,7,-7,7,-7,7,-7,7,-8,7,-8,6,-8,7,-8,7,-9,6,-9,6,-9,6,-9,6,-9,6,-10,6,-10,6,-9,5,-10,6,-10,5,-10,5,-10,5,-10,4,-10,5,-10,5,-10,5,0,0,-10,5,-9,5,-9,5,-9,5,-8,5,-9,6,-9,5,-8,6,-8,5,-8,6,-8,6,-8,6,-8,6,-7,7,-7,7,-7,7,-7,7,-7,7,-6,8,-6,7,-7,8,-6,8,-7,8,-6,9,-6,8,-6,8,0,0,0,0,0,0,0,0,0,0,0,0,0,0,55,14,50,19,58,15,49,14,55,13,53,12,53,13,52,13,49,9,48,7,51,8,49,7,50,6,47,8,49,2,47,-3,50,-3,49,-4,46,-1,45,-3,46,-2,43,-5,47,-8,43,-7,47,-4,43,-8,45,-9,46,-11,45,-8,47,-15,44,-12,44,-12,46,-14,43,-16,45,-15,47,-11,46,-12,46,-10,44,-13,45,-11,47,-12,47,-13,45,-12,46,-10,44,-10,44,-7,43,-6,45,-6,44,-5,44,-1,41,-4,42,-1,38,0,39,0,39,1,38,3,36,3,0,0,0,0,0,0,0,0,0,0,0,0,0,0,0,0,0,0,0,0,0,0,-17,47,-22,45,-23,47,-26,47,-28,46,-27,45,-30,46,-33,44,-33,43,-38,46,-35,47,-34,47,-39,48,-39,47,-40,43,-42,43,-42,41,-43,43,-43,44,-47,40,-46,42,-46,39,-42,38,-43,41,-43,39,-44,41,-41,39,-44,36,-41,39,-38,42,-39,37,-39,39,-39,36,-37,41,-39,40,-34,43,-34,41,-29,45,-27,45,-26,49,-28,47,-29,46,-28,45,-30,49,-25,47,-24,50,-26,47,-23,52,-24,52,-22,52,-22,52,-19,51,-22,52,-16,52,-19,54,-18,56,-13,61,0,0
2026-10-01T16:17:56.798954+00:00,2064967,-50,108048,6,unknown,384,0,0,0,0,0,0,0,0,0,0,0,0,-4,7,-5,7,-5,8,-6,7,-6,7,-6,7,-7,7,-7,7,-7,7,-8,7,-8,7,-8,7,-8,7,-9,6,-9,6,-9,7,-9,6,-9,6,-9,6,-9,6,-9,5,-9,6,-9,5,-10,5,-9,5,-9,6,0,0,-9,5,-9,5,-9,5,-9,6,-8,5,-8,6,-8,6,-8,6,-8,5,-7,6,-7,6,-7,7,-7,6,-7,6,-7,7,-6,7,-7,8,-6,8,-6,7,-6,8,-7,8,-6,8,-6,9,-6,9,-6,9,-6,9,0,0,0,0,0,0,0,0,0,0,0,0,0,0,53,-11,59,-14,59,-15,52,-8,53,-14,50,-12,53,-13,52,-12,46,-15,46,-13,49,-16,44,-17,46,-17,46,-20,45,-20,41,-26,40,-25,40,-24,37,-24,40,-23,40,-24,39,-20,36,-27,38,-26,38,-27,35,-25,34,-31,35,-31,34,-30,35,-32,33,-30,32,-30,34,-31,35,-34,34,-32,36,-31,36,-29,38,-33,37,-28,35,-30,34,-30,35,-30,34,-31,35,-30,36,-26,37,-24,36,-21,38,-22,37,-23,38,-20,35,-19,37,-19,39,-16,32,-17,35,-16,34,-13,33,-12,0,0,0,0,0,0,0,0,0,0,0,0,0,0,0,0,0,0,0,0,0,0,7,46,5,49,7,52,3,53,-3,53,-1,48,-3,52,-3,52,-9,55,-5,57,-5,57,-4,60,-3,59,-5,58,-10,57,-16,57,-16,58,-19,55,-17,56,-16,56,-19,54,-18,55,-13,54,-15,58,-16,56,-12,56,-14,53,-15,50,-16,52,-16,52,-15,50,-14,53,-14,52,-13,54,-13,50,-14,55,-4,51,-4,53,1,53,0,53,-5,54,-5,56,-3,53,-1,51,2,53,3,54,3,53,7,54,1,58,8,55,7,53,6,55,6,54,11,51,11,57,8,54,14,62,0,0
2026-10-01T16:17:56.898869+00:00,2065067,-50,108049,6,unknown,384,0,0,0,0,0,0,0,0,0,0,0,0,3,-9,3,-9,4,-9,4,-9,5,-9,5,-8,5,-8,6,-8,6,-8,6,-9,6,-9,7,-9,7,-9,7,-8,7,-8,8,-8,7,-8,8,-8,8,-8,8,-7,8,-8,8,-7,8,-7,8,-7,8,-7,8,-7,0,0,8,-7,8,-7,7,-7,7,-8,6,-7,7,-7,7,-7,6,-8,7,-7,6,-8,6,-8,5,-8,5,-8,5,-8,5,-9,5,-8,6,-9,5,-9,5,-9,4,-9,5,-9,4,-9,5,-10,4,-10,4,-10,4,-10,0,0,0,0,0,0,0,0,0,0,0,0,0,0,-57,-7,-58,-6,-60,-8,-53,-6,-55,-3,-53,-4,-54,-5,-56,-3,-48,-1,-50,0,-51,1,-51,2,-49,1,-51,4,-49,5,-46,13,-50,11,-46,11,-46,11,-46,11,-48,13,-41,9,-45,14,-44,11,-44,12,-45,12,-42,19,-42,23,-40,20,-44,20,-42,22,-45,22,-43,22,-43,20,-42,21,-44,19,-44,19,-47,19,-45,19,-42,20,-44,19,-43,21,-44,21,-43,20,-44,18,-44,14,-43,16,-44,12,-43,13,-42,10,-42,9,-41,9,-42,6,-38,7,-37,6,-39,7,-38,3,0,0,0,0,0,0,0,0,0,0,0,0,0,0,0,0,0,0,0,0,0,0,10,-49,13,-48,14,-49,18,-52,19,-49,19,-48,20,-47,23,-50,28,-51,25,-53,24,-54,24,-55,27,-57,29,-56,30,-50,35,-49,34,-50,32,-44,35,-48,38,-46,37,-47,38,-46,32,-48,33,-50,35,-48,31,-48,31,-46,32,-46,33,-45,33,-47,29,-45,31,-44,29,-47,31,-45,31,-46,27,-47,21,-48,20,-50,17,-50,18,-53,23,-50,19,-52,19,-54,16,-52,12,-52,16,-54,17,-52,12,-55,16,-59,12,-54,9,-54,8,-56,12,-56,8,-54,5,-61,12,-58,6,-64,0,0
2026-10-01T16:17:57.009283+00:00,2065177,-49,108050,6,unknown,384,0,0,0,0,0,0,0,0,0,0,0,0,0,-9,1,-9,1,-10,1,-10,2,-10,2,-9,3,-10,3,-9,3,-10,3,-10,4,-10,4,-10,4,-10,4,-10,4,-10,5,-10,5,-9,5,-9,5,-9,5,-10,5,-9,5,-9,5,-9,6,-9,6,-9,5,-8,0,0,5,-8,5,-9,5,-8,5,-9,5,-8,5,-8,5,-8,4,-9,5,-8,4,-9,4,-9,4,-9,4,-9,3,-9,3,-9,3,-9,3,-10,3,-10,3,-10,2,-10,3,-10,2,-10,3,-11,1,-11,1,-9,1,-10,0,0,0,0,0,0,0,0,0,0,0,0,0,0,-52,15,-50,11,-69,27,-57,12,-49,24,-51,13,-47,16,-59,15,-33,20,-44,20,-46,14,-35,27,-43,20,-37,21,-46,24,-36,25,-34,38,-48,25,-36,33,-41,25,-41,31,-40,28,-33,39,-29,29,-35,30,-40,31,-34,36,-31,46,-19,38,-34,38,-26,36,-32,39,-31,43,-30,31,-34,39,-25,28,-37,34,-27,26,-38,28,-30,33,-28,36,-32,36,-33,29,-26,28,-36,37,-32,34,-35,28,-39,27,-34,23,-37,30,-34,19,-34,29,-38,14,-30,17,-30,19,-41,22,-29,19,0,0,0,0,0,0,0,0,0,0,0,0,0,0,0,0,0,0,0,0,0,0,-19,-43,-19,-47,-18,-47,-15,-52,-13,-50,-13,-50,-8,-49,-8,-53,-5,-56,-9,-56,-10,-58,-9,-54,-8,-59,-6,-59,-4,-60,3,-57,2,-62,3,-56,1,-61,5,-59,5,-60,5,-56,2,-55,1,-59,1,-59,2,-58,0,-55,1,-55,4,-54,1,-58,1,-49,5,-53,3,-54,1,-54,1,-53,0,-56,-5,-52,-7,-53,-8,-50,-11,-56,-10,-55,-8,-53,-9,-54,-14,-54,-13,-51,-12,-55,-10,-49,-16,-57,-8,-57,-24,-45,-27,-44,-18,-44,-18,-49,-16,-58,-20,-55,-24,-52,-22,-65,0,0
2026-10-01T16:17:57.110414+00:00,2065278,-54,108051,6,unknown,384,0,0,0,0,0,0,0,0,0,0,0,0,-7,-6,-7,-6,-7,-7,-7,-7,-7,-8,-7,-8,-7,-8,-6,-8,-6,-9,-6,-9,-6,-9,-6,-10,-6,-10,-6,-10,-5,-10,-5,-11,-5,-10,-5,-10,-5,-10,-5,-10,-5,-10,-5,-10,-4,-10,-4,-11,-4,-11,-4,-10,0,0,-4,-10,-4,-10,-4,-10,-5,-10,-5,-9,-5,-10,-5,-9,-5,-9,-5,-9,-5,-9,-6,-9,-5,-9,-5,-9,-6,-8,-6,-9,-6,-8,-6,-9,-7,-8,-7,-9,-7,-8,-7,-8,-7,-8,-8,-9,-8,-8,-8,-8,-8,-8,0,0,0,0,0,0,0,0,0,0,0,0,0,0,-11,55,-19,59,-12,59,-13,53,-9,56,-10,53,-10,53,-11,53,-7,51,-6,51,-6,51,-4,50,-5,51,0,49,-1,50,3,50,3,50,4,46,3,46,3,49,4,49,3,46,8,46,8,45,8,45,8,46,11,45,14,45,13,47,13,47,15,45,15,46,13,44,13,47,13,48,14,47,13,48,11,47,11,47,10,48,15,49,11,47,11,46,10,47,7,44,4,46,5,45,1,45,2,49,3,45,0,41,0,39,-4,36,3,43,-4,42,-2,34,-7,34,0,0,0,0,0,0,0,0,0,0,0,0,0,0,0,0,0,0,0,0,0,0,-48,-11,-48,-12,-51,-16,-50,-20,-49,-18,-49,-21,-51,-23,-50,-23,-50,-28,-50,-26,-52,-28,-55,-27,-54,-30,-51,-29,-49,-31,-50,-36,-51,-38,-49,-38,-49,-37,-46,-37,-48,-36,-44,-39,-47,-37,-49,-35,-46,-37,-47,-34,-45,-33,-43,-35,-43,-35,-46,-34,-44,-34,-44,-34,-43,-33,-46,-32,-46,-32,-46,-31,-48,-27,-51,-26,-49,-23,-51,-23,-51,-23,-53,-25,-51,-25,-52,-22,-51,-22,-54,-21,-51,-20,-53,-16,-55,-19,-54,-15,-53,-16,-55,-15,-56,-17,-54,-12,-57,-13,-55,-14,-62,-11,0,0
2026-10-01T16:17:57.221452+00:00,2065388,-51,108052,6,unknown,384,0,0,0,0,0,0,0,0,0,0,0,0,1,-9,1,-9,2,-10,2,-10,3,-10,3,-10,3,-9,3,-10,4,-10,4,-10,5,-10,5,-10,5,-10,5,-10,5,-9,6,-10,6,-9,6,-9,6,-9,6,-9,6,-9,6,-9,6,-9,6,-9,7,-9,6,-9,0,0,6,-9,6,-9,6,-8,6,-9,5,-8,5,-9,5,-8,5,-9,5,-9,4,-9,4,-9,4,-9,4,-9,4,-9,3,-9,3,-10,4,-10,3,-10,4,-9,2,-10,3,-10,2,-10,3,-10,2,-11,2,-10,2,-10,0,0,0,0,0,0,0,0,0,0,0,0,0,0,-55,6,-61,-5,-60,5,-52,2,-55,7,-50,5,-53,4,-52,4,-50,8,-48,9,-51,9,-47,12,-48,12,-44,12,-47,14,-46,18,-44,19,-43,18,-37,18,-40,14,-42,19,-41,16,-41,18,-39,21,-38,18,-41,20,-38,25,-38,27,-37,26,-39,30,-38,24,-36,24,-42,26,-40,26,-38,27,-38,24,-40,25,-39,24,-35,24,-40,25,-40,28,-42,27,-40,23,-41,22,-39,20,-43,21,-38,18,-39,19,-36,20,-38,13,-41,17,-36,12,-49,-11,-50,17,-27,4,-37,-11,-21,9,0,0,0,0,0,0,0,0,0,0,0,0,0,0,0,0,0,0,0,0,0,0,-4,-51,-1,-50,3,-54,6,-54,7,-53,5,-54,9,-52,8,-56,15,-56,12,-58,11,-56,10,-58,11,-61,14,-59,17,-55,23,-58,23,-59,22,-54,19,-58,25,-54,23,-53,29,-54,19,-54,21,-55,20,-52,18,-53,21,-51,22,-49,22,-52,22,-51,20,-53,20,-50,19,-49,17,-53,19,-51,18,-47,10,-50,11,-54,7,-54,7,-56,8,-51,9,-56,10,-52,6,-53,2,-54,5,-57,4,-55,-2,-56,3,-55,-1,-56,0,-57,-3,-55,-2,-57,-4,-55,-5,-59,-3,-56,-8,-60,0,0
2026-10-01T16:17:57.311440+00:00,2065489,-54,108053,6,unknown,384,0,0,0,0,0,0,0,0,0,0,0,0,8,2,8,2,9,2,8,3,9,3,8,3,9,4,8,4,8,4,8,5,8,5,8,5,9,5,8,5,8,5,9,6,8,6,8,6,8,6,8,6,8,6,8,6,7,6,8,6,8,6,7,6,0,0,8,6,8,6,8,6,8,5,7,5,8,5,8,5,8,5,8,4,8,4,8,4,8,4,8,4,8,3,9,3,8,3,9,3,9,3,9,3,9,2,9,2,9,2,10,2,10,2,9,2,9,1,0,0,0,0,0,0,0,0,0,0,0,0,0,0,40,-45,46,-31,40,-46,39,-39,32,-41,39,-43,34,-41,36,-40,27,-37,31,-42,30,-42,24,-40,27,-43,20,-36,22,-43,19,-44,19,-47,18,-46,18,-43,20,-40,20,-46,16,-40,14,-43,14,-42,14,-42,14,-43,10,-42,5,-47,3,-47,3,-47,6,-44,8,-49,12,-43,8,-47,6,-43,9,-46,11,-46,9,-46,7,-45,12,-47,7,-43,10,-46,8,-45,9,-47,13,-47,12,-39,16,-44,11,-38,17,-41,21,-40,14,-37,19,-37,9,-32,11,-33,11,-33,6,-36,26,-31,0,0,0,0,0,0,0,0,0,0,0,0,0,0,0,0,0,0,0,0,0,0,31,37,31,45,26,43,28,50,24,44,28,49,22,49,24,53,20,54,21,48,25,53,29,53,28,53,25,56,20,60,14,55,16,61,12,55,19,61,12,56,13,57,9,61,13,52,18,56,18,54,19,54,16,52,17,59,10,52,15,62,16,46,17,53,15,52,19,50,17,51,14,52,22,46,27,49,26,45,30,47,29,51,24,44,31,49,28,42,31,47,34,46,29,44,35,44,32,48,33,37,34,40,38,41,40,45,36,38,43,44,42,42,44,41,0,0
2026-10-01T16:17:57.421923+00:00,2065588,-54,108054,6,unknown,384,0,0,0,0,0,0,0,0,0,0,0,0,-7,-7,-7,-7,-7,-8,-7,-8,-7,-8,-6,-9,-6,-9,-6,-9,-6,-10,-6,-10,-6,-10,-6,-10,-6,-10,-6,-11,-5,-10,-5,-11,-5,-11,-5,-11,-5,-11,-4,-11,-4,-11,-4,-11,-4,-11,-4,-11,-4,-11,-4,-11,0,0,-4,-11,-4,-10,-4,-10,-5,-10,-4,-10,-4,-10,-4,-10,-5,-10,-5,-10,-5,-10,-6,-9,-5,-9,-6,-9,-6,-9,-6,-9,-6,-9,-7,-9,-7,-9,-6,-9,-7,-9,-7,-9,-7,-8,-7,-9,-8,-9,-8,-8,-8,-8,0,0,0,0,0,0,0,0,0,0,0,0,0,0,-43,33,-52,32,-49,38,-42,33,-41,35,-40,36,-39,31,-41,36,-36,31,-36,35,-37,32,-36,36,-38,32,-30,31,-30,36,-28,40,-29,38,-24,35,-27,36,-25,35,-25,41,-24,36,-21,39,-22,33,-23,37,-22,36,-18,41,-16,43,-17,40,-15,43,-14,43,-18,45,-20,40,-19,46,-18,42,-17,41,-20,39,-20,42,-18,38,-21,41,-17,42,-17,43,-18,40,-18,41,-19,39,-23,38,-23,38,-23,34,-26,34,-26,35,-28,28,-25,29,-25,27,-22,26,-25,28,-24,27,-25,23,0,0,0,0,0,0,0,0,0,0,0,0,0,0,0,0,0,0,0,0,0,0,-30,-39,-28,-45,-28,-45,-26,-51,-23,-46,-25,-53,-21,-52,-23,-53,-19,-55,-22,-52,-25,-55,-25,-58,-23,-58,-21,-57,-18,-60,-11,-58,-13,-65,-8,-60,-14,-62,-7,-60,-10,-60,-7,-60,-12,-56,-16,-60,-14,-56,-15,-55,-14,-53,-10,-58,-7,-56,-11,-61,-12,-52,-11,-57,-11,-54,-14,-55,-12,-55,-17,-54,-18,-47,-22,-51,-20,-50,-26,-52,-25,-48,-19,-52,-24,-52,-24,-47,-25,-49,-29,-53,-26,-47,-32,-48,-27,-50,-29,-42,-33,-44,-30,-44,-29,-51,-30,-41,-34,-44,-39,-49,-40,-50,0,0
2026-10-01T16:17:57.532466+00:00,2065700,-54,108055,6,unknown,384,0,0,0,0,0,0,0,0,0,0,0,0,3,-9,3,-9,4,-9,4,-9,4,-9,5,-9,5,-9,6,-9,6,-9,6,-9,6,-9,6,-9,7,-9,7,-9,7,-8,8,-8,8,-8,7,-8,7,-8,8,-8,8,-8,8,-8,7,-7,8,-8,8,-8,8,-7,0,0,8,-7,7,-8,7,-7,7,-8,7,-7,7,-7,7,-8,6,-8,6,-8,5,-8,5,-8,5,-8,5,-8,5,-9,5,-9,5,-9,5,-9,5,-9,5,-9,4,-10,4,-9,4,-10,4,-10,4,-11,3,-10,3,-10,0,0,0,0,0,0,0,0,0,0,0,0,0,0,-53,-20,-48,-25,-53,-25,-49,-20,-55,-21,-50,-16,-50,-16,-51,-19,-47,-13,-45,-13,-50,-10,-46,-8,-50,-10,-48,-8,-48,-9,-47,-5,-49,-4,-44,-1,-44,-3,-47,-4,-45,0,-44,-2,-45,3,-44,3,-46,2,-45,0,-44,6,-43,7,-45,7,-45,8,-44,8,-44,8,-49,9,-47,8,-43,11,-46,7,-43,7,-44,9,-46,9,-45,8,-48,11,-45,9,-44,7,-47,9,-44,8,-45,5,-42,2,-43,1,-39,3,-41,1,-37,1,-40,0,-40,-2,-37,-4,-34,-5,-38,-6,-37,-5,0,0,0,0,0,0,0,0,0,0,0,0,0,0,0,0,0,0,0,0,0,0,30,-42,31,-41,34,-42,38,-43,37,-41,40,-36,39,-38,40,-39,44,-36,44,-41,44,-39,45,-40,49,-38,50,-39,48,-36,52,-37,53,-38,48,-33,49,-30,49,-29,50,-36,55,-33,50,-30,48,-35,49,-31,48,-30,49,-30,45,-32,48,-31,48,-34,42,-31,44,-30,42,-34,41,-34,43,-37,37,-34,38,-37,36,-38,36,-39,38,-43,35,-45,38,-44,37,-45,32,-45,31,-43,29,-46,30,-42,28,-51,33,-51,27,-48,30,-49,28,-48,30,-46,24,-45,25,-52,28,-51,25,-60,0,0
2026-10-01T16:17:57.642735+00:00,2065800,-54,108056,6,unknown,384,0,0,0,0,0,0,0,0,0,0,0,0,-10,0,-10,0,-11,-1,-10,-1,-11,-1,-10,-2,-11,-2,-11,-2,-11,-3,-11,-3,-11,-3,-11,-3,-11,-4,-11,-4,-11,-4,-12,-5,-11,-4,-11,-4,-11,-4,-11,-5,-11,-5,-11,-5,-10,-5,-11,-5,-11,-5,-11,-5,0,0,-11,-5,-11,-4,-10,-5,-10,-4,-10,-4,-10,-4,-10,-4,-10,-3,-10,-3,-10,-3,-10,-3,-10,-2,-10,-2,-10,-2,-11,-2,-11,-2,-11,-2,-11,-1,-11,-1,-11,0,-11,-1,-11,0,-12,0,-11,0,-11,0,-11,0,0,0,0,0,0,0,0,0,0,0,0,0,0,0,14,53,3,64,8,55,10,54,13,55,8,49,11,52,10,48,13,48,13,44,10,47,14,43,15,44,15,45,13,42,15,44,17,41,20,40,17,37,21,44,19,40,20,38,24,36,26,34,24,35,24,37,24,37,29,35,25,35,28,36,26,32,28,31,31,37,27,32,32,37,28,32,28,34,30,31,29,36,27,34,30,35,23,36,24,33,23,33,25,33,27,36,22,32,25,35,21,33,20,34,16,34,18,32,15,30,15,33,13,32,12,32,10,30,0,0,0,0,0,0,0,0,0,0,0,0,0,0,0,0,0,0,0,0,0,0,-51,1,-52,1,-56,-5,-53,-4,-55,-7,-54,-10,-53,-14,-57,-12,-59,-15,-61,-17,-57,-17,-60,-16,-58,-18,-57,-20,-54,-19,-61,-23,-56,-21,-57,-26,-56,-19,-56,-23,-56,-23,-55,-24,-57,-29,-57,-25,-51,-26,-56,-23,-52,-24,-52,-23,-52,-23,-52,-19,-54,-21,-49,-20,-52,-19,-55,-14,-51,-20,-55,-14,-54,-8,-56,-9,-53,-9,-53,-9,-51,-9,-56,-7,-52,-5,-57,-5,-50,-3,-55,-3,-55,-1,-55,2,-53,2,-58,3,-56,3,-55,3,-54,-1,-60,3,-55,4,-52,6,-64,14,0,0
2026-10-01T16:17:57.742955+00:00,2065911,-54,108057,6,unknown,384,0,0,0,0,0,0,0,0,0,0,0,0,-2,9,-2,9,-2,9,-3,10,-3,10,-3,9,-4,9,-4,9,-4,9,-4,10,-5,10,-5,10,-5,10,-5,10,-6,9,-6,10,-6,9,-6,9,-6,9,-7,9,-7,9,-7,9,-7,9,-7,9,-7,9,-6,9,0,0,-7,8,-6,9,-6,8,-6,8,-6,8,-6,8,-6,8,-5,8,-5,9,-4,9,-4,9,-4,9,-4,9,-4,9,-4,9,-3,9,-4,10,-3,10,-3,9,-3,10,-3,10,-3,9,-3,10,-2,10,-2,10,-2,10,0,0,0,0,0,0,0,0,0,0,0,0,0,0,56,0,56,4,59,2,51,1,56,-1,54,1,51,1,54,2,49,-2,46,-4,50,-6,45,-5,46,-5,45,-4,46,-5,47,-9,46,-9,43,-11,41,-12,45,-9,42,-13,39,-12,41,-16,37,-19,37,-14,39,-14,41,-16,41,-19,41,-18,39,-19,38,-18,41,-18,41,-20,39,-20,41,-22,39,-21,40,-23,40,-19,37,-19,39,-21,40,-19,41,-16,40,-13,41,-15,39,-16,39,-12,38,-12,40,-13,35,-11,37,-10,38,-10,37,-11,37,-6,35,-10,36,-3,33,-2,34,-1,0,0,0,0,0,0,0,0,0,0,0,0,0,0,0,0,0,0,0,0,0,0,-9,49,-12,51,-15,51,-18,53,-16,52,-18,50,-19,53,-19,54,-24,50,-23,55,-28,53,-24,55,-27,57,-29,51,-30,53,-33,51,-33,53,-31,48,-32,51,-35,52,-30,54,-36,50,-31,47,-35,48,-35,46,-33,49,-31,44,-32,47,-30,47,-31,46,-28,44,-28,46,-29,46,-25,51,-27,48,-18,47,-20,46,-21,48,-18,50,-20,50,-17,50,-19,53,-16,53,-15,52,-15,52,-12,52,-10,53,-10,53,-14,56,-10,53,-12,54,-10,51,-10,51,-4,52,-8,54,-7,54,-2,65,0,0
2026-10-01T16:17:57.843685+00:00,2066021,-54,108058,6,unknown,384,0,0,0,0,0,0,0,0,0,0,0,0,8,2,8,3,9,3,9,3,9,4,8,4,9,4,8,4,9,5,9,5,9,6,9,6,9,6,9,6,8,6,9,7,8,6,8,6,8,6,8,7,8,7,8,7,7,7,8,7,7,7,7,7,0,0,7,6,8,6,7,6,8,6,7,6,8,6,8,5,8,5,8,5,8,5,8,5,8,4,8,4,8,4,9,4,9,3,9,4,9,3,9,3,9,2,9,3,9,2,10,3,10,2,10,2,9,2,0,0,0,0,0,0,0,0,0,0,0,0,0,0,4,-55,6,-53,9,-58,9,-52,4,-56,4,-53,4,-51,4,-53,-1,-52,0,-48,3,-50,-1,-48,-4,-49,0,-45,-1,-47,-4,-46,-6,-47,-8,-45,-11,-42,-9,-43,-11,-46,-8,-42,-14,-41,-11,-41,-9,-41,-14,-42,-12,-45,-17,-41,-16,-40,-18,-41,-17,-43,-18,-43,-17,-41,-18,-41,-17,-45,-16,-42,-17,-42,-18,-41,-15,-43,-15,-43,-17,-42,-14,-44,-14,-41,-14,-40,-12,-39,-15,-42,-12,-43,-10,-41,-9,-39,-9,-40,-4,-40,-6,-39,-5,-37,-3,-37,-4,-35,-4,-34,-2,-34,0,0,0,0,0,0,0,0,0,0,0,0,0,0,0,0,0,0,0,0,0,0,50,12,54,13,53,15,53,19,53,16,50,20,51,26,52,23,52,29,51,25,54,28,54,29,56,31,57,31,50,30,53,35,54,38,48,37,52,34,51,38,47,36,49,38,46,39,50,37,49,37,48,31,45,33,44,33,46,34,48,34,49,29,45,32,44,33,46,29,48,33,48,27,47,22,49,22,48,22,49,21,51,24,51,18,52,17,53,19,52,14,52,17,54,18,52,16,55,12,53,14,54,9,53,9,50,12,57,9,56,6,53,7,62,7,0,0
2026-10-01T16:17:57.944499+00:00,2066110,-53,108059,6,unknown,384,0,0,0,0,0,0,0,0,0,0,0,0,0,-10,1,-10,1,-10,1,-10,2,-10,2,-10,3,-10,3,-10,3,-10,3,-11,4,-11,4,-11,4,-11,4,-11,5,-10,5,-11,5,-10,5,-10,5,-10,5,-10,5,-10,5,-10,5,-10,5,-10,5,-10,5,-10,0,0,5,-10,5,-10,5,-10,4,-9,4,-9,4,-9,4,-9,4,-10,4,-9,3,-10,3,-10,3,-9,3,-10,2,-10,2,-10,2,-10,2,-11,2,-10,2,-10,1,-10,2,-11,1,-10,1,-11,0,-11,1,-11,0,-11,0,0,0,0,0,0,0,0,0,0,0,0,0,0,-57,2,-59,-9,-61,2,-51,3,-54,2,-52,6,-52,2,-55,2,-50,6,-49,6,-49,7,-48,9,-47,7,-45,10,-46,11,-45,16,-45,16,-42,17,-42,15,-39,15,-42,17,-39,15,-39,19,-39,18,-39,17,-38,17,-36,19,-38,25,-34,23,-39,26,-36,24,-38,20,-40,22,-37,23,-36,25,-38,23,-38,23,-38,24,-37,23,-39,22,-38,23,-37,25,-36,23,-37,22,-37,19,-40,16,-38,16,-37,16,-37,14,-37,17,-33,12,-34,16,-34,10,-41,8,-33,6,-38,18,-27,15,0,0,0,0,0,0,0,0,0,0,0,0,0,0,0,0,0,0,0,0,0,0,2,-51,7,-56,9,-54,12,-57,13,-54,16,-56,17,-56,13,-56,21,-55,18,-59,19,-58,17,-61,22,-60,19,-60,24,-57,27,-56,25,-59,31,-53,29,-58,32,-52,33,-56,31,-54,24,-53,26,-55,29,-52,25,-52,25,-52,25,-52,28,-49,28,-54,23,-48,25,-50,25,-51,24,-52,19,-49,22,-54,17,-51,13,-53,11,-53,9,-57,10,-53,15,-53,10,-53,10,-55,7,-52,7,-57,9,-53,1,-57,8,-58,5,-54,3,-57,4,-57,4,-57,-2,-56,-3,-52,4,-56,-5,-60,0,0
2026-10-01T16:17:58.054942+00:00,2066221,-54,108060,6,unknown,384,0,0,0,0,0,0,0,0,0,0,0,0,7,-7,7,-6,8,-6,8,-6,8,-6,8,-6,9,-5,9,-5,9,-5,10,-5,10,-5,10,-5,10,-5,10,-4,10,-4,11,-4,11,-4,11,-4,11,-4,11,-3,11,-3,11,-3,10,-3,10,-3,11,-3,10,-3,0,0,10,-3,10,-3,10,-3,10,-4,9,-3,9,-4,9,-4,9,-4,9,-4,9,-5,9,-5,8,-5,8,-5,8,-5,9,-5,8,-5,9,-6,8,-6,8,-6,8,-6,8,-6,8,-6,8,-7,8,-7,8,-7,8,-7,0,0,0,0,0,0,0,0,0,0,0,0,0,0,-52,-25,-54,-32,-52,-28,-47,-24,-50,-25,-47,-22,-48,-23,-49,-24,-47,-19,-43,-20,-45,-17,-44,-18,-46,-15,-47,-16,-45,-14,-46,-12,-45,-12,-45,-10,-43,-8,-46,-8,-46,-4,-42,-6,-43,-4,-43,-2,-43,-4,-43,-3,-45,-3,-47,2,-45,0,-45,0,-44,0,-45,2,-46,3,-44,2,-47,4,-44,2,-45,2,-45,4,-44,0,-44,2,-47,0,-45,0,-46,-2,-44,-1,-43,-2,-45,-2,-43,-3,-43,-3,-41,-6,-41,-5,-39,-6,-40,-7,-37,-7,-37,-8,-35,-10,-34,-12,-33,-13,0,0,0,0,0,0,0,0,0,0,0,0,0,0,0,0,0,0,0,0,0,0,33,-42,33,-42,35,-44,37,-43,39,-42,40,-38,42,-40,43,-38,44,-39,48,-38,50,-39,50,-36,52,-37,52,-36,49,-35,53,-35,53,-35,52,-32,53,-32,53,-33,53,-32,52,-31,53,-28,54,-31,54,-27,52,-29,49,-29,49,-28,48,-30,48,-33,46,-34,46,-31,44,-31,44,-32,45,-34,45,-34,42,-35,41,-37,39,-35,39,-39,38,-39,38,-42,38,-41,37,-44,34,-42,35,-45,34,-41,33,-46,34,-47,33,-45,32,-47,31,-47,33,-45,28,-47,29,-51,29,-48,28,-56,0,0
2026-10-01T16:17:58.159535+00:00,2066322,-52,108061,6,unknown,384,0,0,0,0,0,0,0,0,0,0,0,0,-10,1,-10,0,-11,0,-11,0,-11,-1,-11,-1,-11,-1,-11,-2,-11,-2,-12,-2,-12,-2,-12,-3,-12,-3,-12,-3,-12,-3,-12,-4,-11,-4,-12,-4,-12,-4,-12,-4,-11,-4,-12,-4,-11,-4,-11,-4,-11,-4,-11,-4,0,0,-11,-4,-11,-4,-11,-4,-11,-3,-10,-3,-11,-3,-10,-3,-11,-2,-10,-3,-11,-2,-11,-2,-10,-2,-11,-1,-10,-1,-11,-1,-11,-1,-11,-1,-11,0,-11,0,-11,1,-11,0,-11,0,-11,0,-11,1,-11,1,-11,1,0,0,0,0,0,0,0,0,0,0,0,0,0,0,11,54,4,53,11,57,10,49,11,51,13,50,12,51,12,46,17,48,13,45,12,46,15,42,14,43,18,40,17,40,20,42,20,40,21,37,21,33,23,38,21,36,26,32,22,27,27,29,19,33,23,30,26,27,32,31,24,28,28,37,30,31,27,33,27,21,33,27,34,24,29,24,27,27,28,29,29,27,25,26,32,33,28,29,26,31,26,29,25,26,27,30,26,28,26,29,22,29,21,28,17,29,18,28,17,26,17,29,16,27,15,30,14,27,0,0,0,0,0,0,0,0,0,0,0,0,0,0,0,0,0,0,0,0,0,0,-57,-1,-56,2,-59,-3,-61,-3,-61,-5,-58,-8,-61,-12,-61,-10,-63,-14,-62,-15,-66,-16,-64,-18,-64,-19,-66,-19,-62,-19,-66,-26,-62,-23,-62,-21,-64,-22,-61,-25,-60,-22,-57,-25,-59,-28,-61,-24,-59,-22,-57,-24,-56,-20,-55,-21,-57,-22,-58,-20,-56,-18,-56,-19,-58,-18,-55,-16,-54,-17,-56,-19,-58,-9,-57,-9,-52,-9,-58,-6,-55,-7,-59,-5,-55,-2,-60,1,-54,-5,-60,0,-55,-1,-55,3,-58,4,-60,2,-58,7,-57,2,-57,3,-56,7,-57,7,-56,7,-62,14,0,0
2026-10-01T16:17:58.265942+00:00,2066433,-50,108062,6,unknown,384,0,0,0,0,0,0,0,0,0,0,0,0,-2,-10,-2,-10,-2,-11,-1,-12,-1,-11,-1,-12,0,-11,0,-12,1,-11,0,-12,1,-12,0,-12,1,-12,1,-12,1,-12,2,-12,2,-12,2,-12,2,-12,2,-12,2,-12,3,-11,2,-11,3,-12,3,-12,2,-11,0,0,2,-11,2,-11,2,-11,1,-11,2,-11,1,-11,2,-11,1,-10,1,-10,0,-11,0,-11,0,-11,0,-11,-1,-11,0,-10,0,-11,-1,-11,-1,-11,-1,-11,-2,-10,-2,-11,-1,-11,-2,-11,-3,-11,-3,-10,-3,-11,0,0,0,0,0,0,0,0,0,0,0,0,0,0,-53,11,-50,11,-58,9,-51,10,-54,11,-51,14,-49,11,-51,11,-46,16,-46,10,-47,14,-47,14,-44,14,-44,15,-44,18,-42,20,-41,22,-38,21,-39,20,-37,22,-38,24,-35,21,-34,24,-33,24,-35,24,-33,25,-34,26,-31,30,-32,25,-31,30,-29,28,-31,27,-31,29,-30,27,-30,31,-29,28,-29,28,-30,28,-30,30,-29,29,-31,29,-30,30,-31,27,-33,28,-31,26,-32,27,-33,23,-30,20,-33,23,-32,24,-31,19,-30,22,-31,19,-29,16,-28,15,-29,15,-30,14,0,0,0,0,0,0,0,0,0,0,0,0,0,0,0,0,0,0,0,0,0,0,0,-56,2,-59,5,-59,7,-62,8,-58,8,-60,9,-58,12,-59,15,-62,18,-61,15,-64,17,-66,18,-63,18,-61,20,-61,22,-62,23,-68,23,-57,25,-60,25,-58,25,-59,27,-58,25,-57,25,-61,26,-56,23,-56,23,-54,24,-53,23,-56,20,-59,16,-56,21,-57,18,-55,15,-55,18,-54,10,-55,10,-54,10,-59,8,-56,9,-57,8,-56,5,-59,5,-59,7,-54,1,-56,-2,-57,0,-56,-3,-59,-1,-55,0,-55,-3,-57,-3,-59,-2,-58,-7,-55,-8,-57,-6,-57,-11,-62,0,0
2026-10-01T16:17:58.377528+00:00,2066544,-50,108063,6,unknown,384,0,0,0,0,0,0,0,0,0,0,0,0,9,-2,10,-2,10,-2,10,-1,11,-1,10,0,11,0,10,0,11,0,11,0,11,1,11,1,11,1,11,2,11,2,12,2,11,2,11,2,11,2,11,2,11,3,11,2,10,3,11,3,10,3,10,3,0,0,10,2,10,2,10,2,10,1,10,2,10,1,10,1,10,1,10,1,10,0,10,0,10,0,9,0,9,-1,10,-1,10,-1,10,-1,10,-2,10,-2,9,-3,10,-2,10,-3,10,-3,10,-3,10,-3,9,-3,0,0,0,0,0,0,0,0,0,0,0,0,0,0,-30,-49,-31,-54,-29,-52,-21,-49,-32,-45,-27,-43,-29,-43,-29,-43,-28,-37,-28,-40,-28,-41,-27,-37,-32,-35,-32,-32,-33,-30,-34,-27,-34,-29,-36,-26,-33,-26,-34,-27,-36,-28,-28,-26,-38,-23,-36,-23,-36,-21,-35,-23,-34,-19,-41,-17,-39,-15,-41,-15,-40,-15,-43,-14,-38,-15,-40,-17,-40,-15,-41,-15,-39,-15,-39,-17,-39,-17,-37,-19,-36,-15,-36,-17,-38,-15,-39,-14,-37,-16,-35,-17,-37,-20,-33,-16,-31,-17,-32,-19,-31,-21,-31,-19,-29,-21,-28,-16,-30,-18,-26,-19,-25,-21,0,0,0,0,0,0,0,0,0,0,0,0,0,0,0,0,0,0,0,0,0,0,54,-15,55,-12,56,-12,60,-10,56,-8,61,-6,59,0,61,-2,62,3,61,-6,64,-3,62,-4,64,-4,66,-1,68,2,64,6,71,8,58,7,68,6,61,10,62,12,62,11,57,5,63,3,61,3,63,3,59,1,60,3,56,4,63,4,54,3,60,1,56,2,56,0,56,3,52,-2,52,-7,54,-6,53,-11,56,-14,55,-14,55,-11,56,-12,54,-14,51,-16,54,-14,53,-14,53,-20,53,-20,46,-22,49,-26,48,-27,56,-21,49,-23,51,-27,50,-28,49,-31,0,0
2026-10-01T16:17:58.486810+00:00,2066644,-49,108064,6,unknown,384,0,0,0,0,0,0,0,0,0,0,0,0,-4,-10,-3,-10,-3,-11,-3,-11,-3,-11,-2,-11,-1,-11,-1,-12,-1,-12,-1,-12,-1,-12,-1,-13,0,-12,0,-12,1,-12,1,-13,1,-12,1,-12,1,-12,1,-12,1,-12,2,-12,2,-12,2,-12,2,-12,2,-11,0,0,2,-11,1,-11,1,-11,1,-11,1,-11,1,-11,1,-11,1,-11,1,-10,0,-11,0,-11,0,-11,0,-11,-1,-10,-1,-11,-2,-11,-1,-11,-2,-11,-2,-11,-2,-11,-2,-11,-2,-11,-2,-11,-3,-11,-3,-11,-3,-11,0,0,0,0,0,0,0,0,0,0,0,0,0,0,-43,33,-39,31,-48,34,-43,30,-40,32,-40,34,-40,33,-40,32,-31,31,-37,33,-37,33,-36,30,-33,33,-31,28,-30,36,-27,37,-26,36,-24,34,-23,34,-23,37,-23,40,-22,35,-20,37,-19,33,-21,36,-19,37,-18,37,-15,39,-14,38,-15,40,-13,40,-15,40,-14,39,-13,39,-13,40,-16,38,-16,38,-17,37,-15,39,-13,40,-16,38,-15,40,-18,38,-16,37,-17,35,-15,36,-16,37,-17,32,-20,34,-19,31,-19,32,-22,29,-20,27,-18,25,-19,26,-20,25,-22,24,0,0,0,0,0,0,0,0,0,0,0,0,0,0,0,0,0,0,0,0,0,0,-29,-47,-28,-52,-26,-52,-27,-57,-21,-55,-21,-57,-17,-60,-17,-59,-17,-62,-13,-60,-19,-61,-20,-67,-17,-65,-15,-67,-11,-66,-11,-65,-11,-71,-9,-63,-11,-66,-4,-65,-5,-64,-1,-65,-5,-62,-7,-65,-3,-63,-7,-62,-9,-59,-6,-61,-7,-59,-9,-62,-9,-55,-9,-59,-8,-58,-10,-57,-9,-57,-14,-57,-15,-52,-19,-55,-21,-50,-22,-53,-21,-53,-21,-53,-21,-54,-23,-51,-21,-51,-24,-51,-23,-53,-27,-49,-27,-52,-27,-49,-29,-47,-31,-47,-29,-52,-31,-48,-33,-47,-30,-48,-38,-49,0,0
2026-10-01T16:17:58.587065+00:00,2066765,-50,108065,6,unknown,384,0,0,0,0,0,0,0,0,0,0,0,0,8,6,8,6,8,6,8,7,8,7,7,7,7,8,7,8,7,8,7,9,7,9,7,9,7,9,6,9,6,10,6,10,6,9,6,10,6,10,5,10,5,10,5,10,5,9,6,10,5,10,5,10,0,0,5,9,5,9,5,9,6,8,5,8,6,8,5,8,6,8,6,8,6,7,7,7,7,7,7,7,7,6,7,6,7,6,8,6,8,6,7,6,8,5,8,6,8,5,8,5,9,5,9,5,8,5,0,0,0,0,0,0,0,0,0,0,0,0,0,0,2,-56,2,-52,3,-61,7,-52,3,-50,1,-55,2,-50,2,-51,-2,-47,0,-47,-1,-49,-2,-48,-3,-48,-8,-41,-9,-46,-11,-44,-13,-44,-15,-40,-12,-41,-10,-42,-13,-45,-12,-37,-16,-39,-17,-39,-15,-38,-14,-38,-18,-38,-21,-38,-24,-35,-26,-35,-23,-35,-24,-36,-20,-36,-23,-39,-22,-36,-22,-36,-23,-39,-23,-36,-19,-37,-17,-39,-22,-35,-21,-38,-23,-35,-21,-32,-20,-33,-16,-35,-17,-36,-18,-34,-15,-35,-15,-35,-11,-34,-15,-31,-11,-34,-12,-30,-12,-30,-8,-30,-9,-29,0,0,0,0,0,0,0,0,0,0,0,0,0,0,0,0,0,0,0,0,0,0,51,14,55,19,53,19,56,23,52,23,54,28,52,30,53,30,51,35,55,27,58,30,58,31,57,33,55,34,54,38,52,40,53,42,46,43,52,42,49,42,49,40,47,41,46,41,53,39,48,37,52,35,47,37,47,37,42,36,48,38,44,36,48,34,45,33,49,32,45,33,49,32,48,23,52,24,51,21,53,21,51,22,52,22,56,23,50,18,53,18,54,19,49,19,56,13,54,14,50,10,55,8,55,10,55,12,51,11,56,5,56,9,62,10,0,0
2026-10-01T16:17:58.697824+00:00,2066855,-50,108066,6,unknown,384,0,0,0,0,0,0,0,0,0,0,0,0,-10,-5,-9,-4,-11,-6,-9,-5,-11,-7,-9,-6,-10,-7,-10,-7,-10,-7,-11,-8,-10,-8,-10,-9,-9,-9,-9,-9,-8,-8,-10,-10,-8,-8,-9,-10,-9,-8,-9,-9,-8,-9,-9,-10,-8,-10,-8,-10,-8,-10,-8,-9,0,0,-7,-9,-9,-9,-7,-8,-9,-9,-7,-7,-8,-8,-8,-8,-9,-8,-8,-7,-9,-8,-8,-7,-8,-7,-8,-7,-8,-6,-10,-7,-8,-5,-10,-7,-9,-5,-9,-6,-10,-5,-10,-6,-10,-5,-11,-6,-11,-5,-10,-5,-9,-4,0,0,0,0,0,0,0,0,0,0,0,0,0,0,-10,52,-12,50,-13,52,-11,51,-8,54,-9,48,-9,49,-7,47,-5,47,-6,44,-6,47,-2,44,-1,46,0,44,0,42,4,43,3,43,6,41,4,38,5,41,6,43,4,37,9,35,7,37,9,36,7,39,12,38,16,37,13,35,18,37,16,36,16,36,14,37,16,37,17,37,16,35,14,37,18,36,15,36,13,38,16,37,14,40,15,37,14,37,13,35,12,38,9,36,8,34,7,36,6,36,8,36,8,34,5,31,5,30,5,32,3,31,0,32,0,0,0,0,0,0,0,0,0,0,0,0,0,0,0,0,0,0,0,0,0,0,-52,-18,-54,-19,-53,-25,-54,-25,-54,-27,-51,-29,-53,-33,-52,-32,-52,-37,-55,-35,-55,-36,-56,-36,-55,-41,-55,-37,-52,-39,-47,-46,-48,-46,-46,-46,-50,-43,-45,-45,-47,-43,-45,-47,-47,-45,-47,-41,-47,-41,-48,-40,-45,-41,-43,-39,-44,-40,-43,-39,-44,-37,-42,-36,-44,-37,-45,-35,-44,-37,-49,-37,-49,-30,-51,-29,-48,-26,-49,-26,-46,-25,-50,-29,-49,-26,-51,-24,-49,-22,-54,-23,-50,-23,-53,-17,-55,-19,-53,-19,-53,-15,-50,-18,-54,-20,-54,-13,-54,-16,-55,-15,-61,-11,0,0
2026-10-01T16:17:58.798705+00:00,2066966,-50,108067,6,unknown,384,0,0,0,0,0,0,0,0,0,0,0,0,-9,5,-9,5,-10,5,-10,5,-11,5,-10,4,-11,4,-11,3,-11,4,-12,4,-12,3,-13,3,-13,3,-12,3,-12,3,-13,2,-12,2,-12,2,-12,2,-13,2,-12,1,-12,1,-12,1,-12,1,-12,1,-12,1,0,0,-11,1,-11,2,-11,1,-11,2,-11,2,-11,2,-11,2,-10,2,-11,2,-10,3,-10,3,-10,3,-10,3,-9,3,-10,4,-9,4,-10,4,-9,4,-10,4,-9,5,-10,4,-9,5,-10,5,-10,6,-9,5,-9,6,0,0,0,0,0,0,0,0,0,0,0,0,0,0,50,21,44,29,54,23,44,19,48,15,48,18,45,17,50,20,44,15,42,14,44,14,43,13,42,10,40,7,44,5,43,2,42,2,40,-1,38,2,40,4,45,2,37,-1,41,-4,37,-2,41,-1,39,-2,35,-6,40,-10,38,-10,41,-10,39,-11,40,-9,39,-9,42,-10,37,-8,40,-7,40,-6,40,-7,37,-9,37,-4,36,-11,37,-9,40,-10,37,-10,40,-7,38,-3,38,-5,36,-6,36,-2,34,-2,34,1,33,-2,34,0,31,1,33,-1,30,3,28,3,0,0,0,0,0,0,0,0,0,0,0,0,0,0,0,0,0,0,0,0,0,0,-31,46,-34,49,-36,44,-39,51,-40,44,-43,43,-43,38,-47,42,-48,40,-45,44,-49,46,-46,45,-48,48,-49,44,-53,41,-55,38,-57,40,-55,32,-57,40,-60,34,-57,36,-57,32,-50,33,-52,39,-52,36,-51,38,-49,36,-52,35,-49,32,-53,35,-46,31,-48,34,-49,33,-47,34,-47,37,-49,30,-39,36,-39,40,-35,42,-37,44,-36,42,-39,41,-41,44,-32,42,-32,42,-35,46,-36,40,-32,45,-34,48,-27,42,-26,48,-27,49,-31,46,-24,46,-22,50,-27,52,-24,56,0,0
2026-10-01T16:17:58.910574+00:00,2067066,-50,108068,6,unknown,384,0,0,0,0,0,0,0,0,0,0,0,0,-10,-3,-10,-3,-11,-4,-11,-4,-11,-4,-10,-5,-11,-5,-10,-5,-10,-6,-10,-6,-11,-7,-11,-7,-10,-7,-10,-7,-10,-7,-10,-8,-10,-7,-10,-7,-10,-7,-10,-8,-10,-8,-10,-8,-9,-8,-9,-8,-9,-8,-9,-8,0,0,-9,-7,-9,-7,-9,-7,-9,-7,-8,-7,-9,-7,-9,-6,-9,-6,-9,-5,-9,-5,-9,-5,-9,-5,-9,-5,-9,-4,-10,-4,-10,-4,-10,-4,-10,-4,-10,-3,-10,-3,-10,-4,-10,-3,-10,-3,-11,-3,-10,-3,-10,-3,0,0,0,0,0,0,0,0,0,0,0,0,0,0,13,50,10,47,12,56,8,49,12,50,15,50,12,47,12,48,13,41,16,45,14,44,14,42,16,41,18,36,18,38,20,38,22,37,23,32,21,32,24,32,24,34,23,31,26,30,26,31,25,28,21,29,27,29,31,27,30,23,32,23,29,23,30,25,30,27,31,26,31,23,32,24,28,25,34,25,29,23,28,27,31,24,30,26,27,24,28,25,27,23,29,26,27,27,25,23,24,25,24,28,22,28,22,26,19,23,20,23,18,25,16,23,17,25,0,0,0,0,0,0,0,0,0,0,0,0,0,0,0,0,0,0,0,0,0,0,-58,3,-61,-2,-62,-5,-64,-6,-61,-5,-65,-10,-64,-13,-61,-16,-62,-17,-64,-16,-68,-14,-69,-17,-70,-18,-66,-19,-65,-20,-65,-25,-66,-27,-60,-25,-65,-25,-62,-28,-60,-26,-62,-30,-60,-25,-62,-26,-61,-26,-60,-20,-59,-22,-57,-23,-54,-23,-59,-20,-56,-20,-59,-19,-57,-20,-57,-19,-59,-20,-58,-21,-57,-12,-58,-12,-56,-7,-59,-5,-56,-4,-59,-6,-60,-4,-55,-1,-59,-3,-61,-1,-57,-3,-54,0,-58,2,-55,1,-57,5,-53,6,-59,3,-55,8,-56,10,-58,8,-62,14,0,0
2026-10-01T16:17:59.009061+00:00,2067178,-54,108069,6,unknown,384,0,0,0,0,0,0,0,0,0,0,0,0,-11,-1,-10,-2,-11,-2,-11,-3,-11,-3,-10,-3,-11,-4,-11,-5,-11,-4,-11,-5,-12,-5,-12,-5,-12,-5,-12,-5,-11,-6,-12,-6,-10,-6,-11,-6,-10,-6,-10,-7,-10,-7,-10,-7,-10,-7,-10,-6,-10,-6,-10,-6,0,0,-9,-7,-10,-6,-9,-6,-10,-6,-9,-5,-9,-6,-9,-6,-9,-5,-9,-5,-10,-5,-10,-4,-10,-3,-10,-3,-10,-4,-10,-3,-10,-3,-11,-3,-10,-3,-10,-3,-10,-3,-10,-3,-10,-3,-11,-3,-11,-1,-11,-1,-10,-1,0,0,0,0,0,0,0,0,0,0,0,0,0,0,47,26,39,35,45,30,43,26,44,27,44,23,43,25,42,23,44,21,42,21,43,20,41,18,42,17,41,16,41,16,41,13,42,13,40,11,38,9,40,8,40,6,40,7,41,2,39,2,39,3,40,2,40,2,41,0,41,0,41,-1,39,-1,40,-2,39,-4,40,-5,42,-4,40,-3,41,-2,42,-4,41,-2,40,-2,42,-3,40,0,38,0,38,1,37,-1,39,1,38,2,39,2,38,3,37,2,35,4,36,5,31,5,32,5,31,7,30,9,29,10,0,0,0,0,0,0,0,0,0,0,0,0,0,0,0,0,0,0,0,0,0,0,-37,42,-38,41,-41,43,-43,42,-45,40,-46,38,-49,39,-48,37,-51,38,-53,37,-55,36,-56,35,-58,34,-58,34,-56,33,-59,32,-59,29,-61,28,-59,30,-60,30,-59,29,-60,27,-57,26,-60,27,-60,24,-57,25,-55,24,-55,24,-54,26,-53,28,-52,26,-51,27,-51,29,-49,31,-51,31,-48,30,-47,33,-47,33,-44,33,-44,35,-42,35,-44,38,-42,37,-42,40,-40,38,-40,40,-38,39,-39,44,-37,44,-38,43,-37,43,-37,42,-37,41,-34,43,-35,44,-32,44,-34,52,0,0
2026-10-01T16:17:59.120519+00:00,2067288,-54,108070,6,unknown,384,0,0,0,0,0,0,0,0,0,0,0,0,-10,2,-10,2,-11,2,-12,1,-11,1,-11,1,-12,0,-12,0,-12,0,-12,0,-12,-1,-12,-1,-13,-1,-12,-2,-12,-2,-13,-2,-12,-2,-12,-2,-12,-2,-12,-3,-12,-3,-12,-3,-11,-3,-12,-3,-12,-3,-12,-3,0,0,-11,-3,-11,-3,-11,-3,-11,-2,-11,-2,-11,-2,-11,-2,-11,-1,-11,-2,-11,-1,-11,0,-10,0,-10,0,-10,0,-11,0,-11,0,-11,0,-11,1,-11,1,-10,2,-11,1,-10,2,-11,2,-11,2,-10,2,-10,2,0,0,0,0,0,0,0,0,0,0,0,0,0,0,44,29,46,36,44,32,37,30,43,29,41,28,40,28,39,27,40,24,38,22,42,24,39,20,41,19,41,15,39,15,41,14,42,13,40,13,38,9,40,12,40,11,37,9,40,6,39,5,39,5,39,4,39,2,42,1,39,1,42,-1,41,-1,41,-2,41,-1,40,-1,41,-1,40,-1,42,-1,41,-2,40,-2,40,-2,41,-2,40,-1,41,-1,39,1,38,0,41,3,38,4,38,3,36,4,37,5,35,4,35,5,33,5,33,5,33,7,31,8,29,9,0,0,0,0,0,0,0,0,0,0,0,0,0,0,0,0,0,0,0,0,0,0,-42,36,-42,35,-47,35,-48,36,-49,34,-50,32,-51,31,-51,31,-55,28,-55,32,-56,30,-57,30,-60,31,-60,26,-58,26,-62,22,-63,23,-63,21,-61,23,-62,22,-61,23,-62,20,-59,20,-61,21,-59,20,-58,24,-57,20,-57,19,-56,19,-56,20,-55,21,-53,21,-53,22,-51,25,-51,24,-51,24,-47,29,-49,30,-45,32,-47,32,-45,31,-48,33,-46,32,-45,34,-44,33,-44,36,-42,36,-38,39,-40,40,-38,39,-39,40,-40,40,-40,38,-35,40,-36,42,-34,41,-37,48,0,0
2026-10-01T16:17:59.220165+00:00,2067388,-54,108071,6,unknown,384,0,0,0,0,0,0,0,0,0,0,0,0,-9,5,-9,5,-10,5,-10,4,-10,4,-10,4,-11,3,-11,3,-11,3,-11,3,-12,3,-12,3,-12,3,-12,2,-12,2,-13,2,-12,2,-12,1,-12,2,-12,1,-12,1,-12,1,-11,1,-12,1,-12,1,-12,1,0,0,-11,1,-11,1,-11,1,-11,2,-11,2,-11,2,-11,2,-10,2,-10,2,-10,3,-10,3,-10,3,-10,3,-10,4,-10,4,-10,4,-10,4,-10,5,-10,5,-9,5,-9,5,-9,5,-9,5,-9,6,-9,6,-9,6,0,0,0,0,0,0,0,0,0,0,0,0,0,0,51,20,45,28,52,24,44,21,50,17,46,16,45,18,46,17,44,14,41,13,44,13,44,9,44,10,45,7,43,6,42,3,43,2,41,0,41,-1,42,2,43,0,39,2,40,-4,39,-4,40,-4,39,-4,40,-6,41,-9,38,-9,41,-12,38,-11,38,-11,40,-10,39,-9,40,-11,38,-10,39,-10,39,-13,39,-12,39,-10,41,-12,41,-9,40,-10,40,-10,38,-10,40,-5,39,-5,38,-7,36,-4,38,-5,36,-3,35,-4,35,-1,33,-3,34,-2,32,1,32,2,0,0,0,0,0,0,0,0,0,0,0,0,0,0,0,0,0,0,0,0,0,0,-32,45,-34,44,-37,45,-40,46,-41,45,-42,41,-42,41,-43,43,-48,39,-46,44,-47,44,-48,42,-50,42,-51,40,-51,38,-56,35,-57,36,-56,33,-54,36,-55,36,-52,36,-55,34,-52,33,-53,34,-53,34,-52,36,-50,32,-49,32,-51,31,-50,32,-46,32,-47,33,-47,33,-44,36,-44,37,-45,35,-40,39,-39,39,-36,40,-37,41,-36,42,-40,42,-38,41,-35,43,-32,41,-32,46,-30,43,-29,48,-32,47,-27,47,-29,48,-27,47,-30,47,-26,46,-25,49,-25,49,-26,57,0,0
2026-10-01T16:17:59.320414+00:00,2067488,-54,108072,6,unknown,384,0,0,0,0,0,0,0,0,0,0,0,0,-1,10,-1,10,-2,10,-2,10,-2,10,-3,10,-4,10,-4,10,-4,10,-4,10,-5,11,-5,11,-5,11,-5,11,-6,10,-6,11,-6,10,-6,10,-6,10,-6,10,-6,10,-6,10,-6,9,-6,10,-6,10,-6,9,0,0,-6,9,-6,10,-6,9,-5,9,-5,9,-5,9,-5,9,-5,9,-4,9,-4,9,-4,9,-4,9,-3,9,-3,9,-3,10,-3,10,-3,10,-2,10,-2,10,-2,10,-2,10,-2,10,-2,10,-1,11,-1,10,-1,10,0,0,0,0,0,0,0,0,0,0,0,0,0,0,48,-28,52,-27,49,-29,44,-23,45,-28,43,-27,43,-24,42,-25,37,-27,37,-29,38,-29,35,-27,36,-30,32,-30,31,-32,28,-35,29,-36,26,-35,26,-34,28,-32,26,-36,24,-32,22,-34,23,-35,21,-33,22,-34,19,-37,16,-38,14,-38,16,-41,14,-40,15,-39,17,-38,16,-39,15,-40,16,-38,17,-39,17,-39,16,-40,18,-38,15,-40,16,-38,14,-39,15,-37,17,-38,19,-37,21,-34,20,-34,18,-35,21,-32,19,-30,20,-32,21,-29,18,-29,19,-28,19,-27,21,-26,0,0,0,0,0,0,0,0,0,0,0,0,0,0,0,0,0,0,0,0,0,0,19,52,16,52,15,57,14,60,9,57,9,57,6,59,8,61,1,63,6,63,7,63,9,65,7,66,4,67,1,67,-4,66,-5,68,-7,65,-4,67,-9,64,-6,64,-11,63,-4,62,-3,63,-4,62,0,63,-2,61,-4,58,-7,57,-5,61,-3,57,-2,57,-3,58,0,57,0,58,1,56,8,53,9,55,10,53,12,56,11,54,9,57,10,55,11,54,13,51,15,55,14,53,18,53,16,56,21,49,20,51,22,51,18,54,23,48,25,50,23,52,27,55,0,0
2026-10-01T16:17:59.431807+00:00,2067589,-54,108073,6,unknown,384,0,0,0,0,0,0,0,0,0,0,0,0,9,-3,10,-3,10,-3,10,-2,10,-2,10,-2,11,-1,11,-1,11,-1,11,-1,12,0,12,0,12,0,12,0,11,1,12,1,11,1,12,1,12,1,12,1,11,2,11,1,11,2,11,2,11,2,11,2,0,0,11,1,11,1,11,1,11,1,10,1,10,0,10,0,10,0,10,0,10,0,10,-1,10,-1,10,-1,10,-1,10,-2,10,-2,10,-2,10,-2,10,-2,10,-3,10,-3,9,-3,10,-3,10,-4,10,-3,9,-4,0,0,0,0,0,0,0,0,0,0,0,0,0,0,-40,-37,-40,-37,-44,-37,-36,-37,-41,-34,-40,-31,-38,-33,-37,-32,-39,-27,-37,-28,-39,-29,-38,-25,-38,-26,-40,-20,-40,-18,-42,-15,-43,-15,-41,-12,-38,-13,-40,-16,-41,-16,-39,-15,-40,-9,-39,-11,-39,-10,-39,-10,-39,-6,-43,-2,-42,-2,-44,1,-41,-1,-42,-3,-42,-4,-44,-3,-42,-2,-41,-2,-42,-4,-42,-4,-42,-4,-40,-5,-42,0,-42,-1,-40,-1,-41,-3,-40,-3,-41,-7,-38,-6,-40,-5,-37,-6,-39,-10,-35,-10,-36,-9,-32,-10,-33,-6,-33,-7,-33,-8,-30,-10,0,0,0,0,0,0,0,0,0,0,0,0,0,0,0,0,0,0,0,0,0,0,43,-33,46,-31,50,-32,51,-31,53,-28,54,-27,57,-22,57,-25,59,-19,56,-29,59,-30,58,-30,60,-28,60,-26,61,-21,66,-18,65,-17,63,-14,64,-19,66,-13,63,-16,64,-11,61,-16,60,-20,60,-20,61,-22,56,-19,57,-15,57,-13,58,-15,56,-16,55,-17,57,-15,54,-18,55,-19,55,-17,50,-24,49,-29,47,-31,48,-31,46,-29,51,-27,50,-28,48,-31,44,-31,50,-32,46,-30,43,-34,46,-33,42,-38,41,-39,39,-39,43,-36,40,-37,39,-43,39,-38,42,-45,0,0
2026-10-01T16:17:59.532170+00:00,2067699,-54,108074,6,unknown,384,0,0,0,0,0,0,0,0,0,0,0,0,3,-10,3,-10,4,-11,4,-10,4,-11,5,-10,5,-10,5,-10,6,-10,6,-10,6,-10,7,-10,7,-10,7,-10,7,-10,8,-10,7,-9,7,-9,7,-10,8,-10,7,-9,8,-9,8,-9,7,-9,8,-9,8,-9,0,0,7,-9,7,-9,7,-9,6,-9,6,-9,6,-9,6,-9,5,-9,6,-9,5,-9,5,-9,4,-9,4,-9,4,-10,4,-10,4,-10,4,-10,3,-10,3,-10,3,-10,3,-10,3,-10,3,-11,2,-11,2,-11,2,-11,0,0,0,0,0,0,0,0,0,0,0,0,0,0,-51,14,-54,6,-56,14,-48,14,-51,14,-47,16,-48,13,-48,14,-45,16,-42,15,-41,19,-40,19,-40,21,-40,20,-39,19,-37,22,-36,24,-34,23,-32,24,-36,25,-33,26,-31,24,-29,27,-27,28,-28,29,-27,30,-27,31,-26,32,-26,29,-26,33,-24,30,-25,32,-24,33,-23,35,-22,35,-24,31,-22,34,-22,34,-23,34,-22,32,-24,35,-24,32,-24,31,-24,32,-24,30,-27,31,-25,29,-24,30,-24,27,-22,29,-25,26,-24,27,-24,24,-24,24,-25,23,-25,21,-25,18,0,0,0,0,0,0,0,0,0,0,0,0,0,0,0,0,0,0,0,0,0,0,1,-57,1,-56,4,-59,7,-61,8,-60,11,-58,10,-60,10,-60,14,-61,16,-65,19,-65,16,-64,17,-65,21,-62,20,-63,23,-63,22,-63,25,-60,23,-61,22,-61,21,-61,26,-60,24,-59,23,-59,28,-57,24,-57,23,-53,22,-55,22,-57,20,-58,17,-54,18,-54,16,-55,14,-56,14,-57,12,-55,10,-55,9,-57,7,-55,6,-57,4,-56,7,-58,3,-58,1,-57,-1,-54,-3,-56,-4,-53,-6,-57,-5,-58,-5,-56,-5,-55,-4,-56,-5,-56,-9,-55,-9,-56,-10,-54,-15,-60,0,0
2026-10-01T16:17:59.642504+00:00,2067810,-54,108075,6,unknown,384,0,0,0,0,0,0,0,0,0,0,0,0,-8,-7,-8,-8,-8,-8,-8,-8,-8,-9,-8,-9,-8,-9,-8,-9,-7,-10,-7,-10,-7,-11,-7,-11,-7,-11,-7,-11,-6,-11,-6,-12,-6,-12,-6,-11,-6,-11,-6,-12,-6,-11,-5,-12,-5,-11,-5,-11,-5,-12,-5,-11,0,0,-5,-11,-5,-11,-5,-11,-6,-10,-5,-10,-6,-10,-6,-10,-6,-9,-6,-10,-7,-9,-7,-9,-7,-9,-7,-9,-7,-8,-7,-9,-8,-9,-8,-9,-8,-8,-8,-8,-8,-7,-8,-8,-8,-8,-8,-8,-9,-7,-9,-7,-8,-7,0,0,0,0,0,0,0,0,0,0,0,0,0,0,-9,54,-15,56,-13,55,-11,50,-10,52,-9,49,-8,49,-8,48,-3,45,-5,45,-4,47,-3,45,-1,46,1,42,2,43,5,44,4,45,7,42,8,40,6,40,8,41,8,38,12,38,12,38,12,37,12,37,13,36,17,38,16,36,18,37,19,35,19,37,17,37,18,36,17,36,17,36,19,36,20,36,19,35,17,37,19,37,18,36,17,36,17,35,16,35,13,36,13,36,14,36,12,35,13,36,11,34,12,33,8,33,9,32,8,31,7,32,5,30,0,0,0,0,0,0,0,0,0,0,0,0,0,0,0,0,0,0,0,0,0,0,-53,-21,-55,-24,-52,-28,-54,-30,-52,-29,-52,-32,-52,-35,-53,-36,-52,-40,-52,-38,-53,-37,-55,-42,-56,-43,-54,-44,-51,-45,-48,-48,-51,-50,-46,-47,-49,-46,-47,-48,-47,-46,-45,-50,-46,-45,-48,-46,-44,-45,-47,-45,-45,-43,-45,-44,-39,-42,-44,-43,-44,-40,-44,-39,-43,-39,-44,-37,-46,-37,-45,-39,-45,-33,-50,-32,-47,-31,-50,-30,-51,-29,-50,-30,-51,-28,-50,-25,-51,-24,-53,-23,-51,-25,-54,-20,-54,-22,-50,-18,-53,-17,-54,-18,-55,-22,-52,-15,-54,-17,-55,-16,-60,-14,0,0
2026-10-01T16:17:59.743653+00:00,2067921,-54,108076,6,unknown,384,0,0,0,0,0,0,0,0,0,0,0,0,10,1,10,1,10,2,10,2,11,3,10,3,10,4,10,4,10,4,10,5,11,5,10,5,11,5,10,6,10,5,11,6,10,6,10,6,10,6,10,6,9,6,9,6,9,7,9,6,9,7,9,6,0,0,9,6,9,6,8,6,9,5,8,5,9,5,9,5,9,4,9,4,9,4,9,4,9,4,9,4,9,3,10,3,9,3,10,3,10,2,9,2,10,2,10,2,10,1,10,2,10,1,10,1,10,1,0,0,0,0,0,0,0,0,0,0,0,0,0,0,-29,-47,-26,-56,-30,-51,-27,-44,-29,-46,-27,-43,-28,-43,-28,-41,-30,-36,-27,-37,-30,-37,-28,-35,-29,-33,-29,-33,-29,-33,-31,-33,-32,-30,-31,-29,-31,-25,-34,-25,-34,-25,-31,-24,-35,-21,-35,-21,-34,-21,-34,-21,-36,-20,-37,-20,-36,-19,-39,-19,-37,-15,-39,-16,-39,-15,-38,-15,-40,-14,-37,-15,-39,-16,-39,-14,-38,-15,-38,-14,-39,-17,-38,-18,-37,-17,-36,-18,-35,-16,-37,-17,-36,-17,-35,-16,-33,-19,-33,-18,-31,-18,-30,-18,-29,-17,-29,-19,-27,-20,-26,-21,-24,-20,0,0,0,0,0,0,0,0,0,0,0,0,0,0,0,0,0,0,0,0,0,0,53,-19,54,-18,55,-16,58,-16,58,-13,59,-11,61,-9,62,-9,63,-8,62,-7,64,-3,67,-2,68,-1,68,-1,65,-1,67,0,67,1,65,4,68,2,66,2,64,5,66,3,63,6,66,5,62,7,63,5,61,5,60,5,58,2,61,0,58,1,58,0,59,-1,57,-4,59,-4,57,-5,55,-5,57,-6,53,-7,55,-11,54,-10,58,-15,54,-14,53,-17,52,-16,54,-18,52,-16,54,-20,54,-21,52,-20,51,-21,53,-22,53,-21,49,-23,53,-24,50,-24,53,-32,0,0
2026-10-01T16:17:59.842885+00:00,2068021,-55,108077,6,unknown,384,0,0,0,0,0,0,0,0,0,0,0,0,9,3,9,3,10,4,10,4,10,4,9,4,9,5,9,5,10,5,9,6,9,7,9,7,9,7,9,7,9,7,9,8,9,7,9,7,8,7,9,7,8,8,8,7,8,8,8,8,8,8,8,8,0,0,8,7,8,7,8,7,8,7,7,6,8,6,8,6,8,6,8,6,8,5,8,5,8,5,8,5,8,5,9,4,9,4,9,4,9,4,9,3,9,3,9,3,9,3,10,3,10,3,9,3,9,2,0,0,0,0,0,0,0,0,0,0,0,0,0,0,-4,-53,2,-52,-4,-56,-3,-51,-7,-53,-6,-51,-5,-49,-7,-48,-10,-47,-8,-46,-8,-47,-9,-43,-11,-44,-13,-42,-12,-42,-16,-40,-17,-42,-17,-38,-16,-36,-17,-38,-21,-37,-18,-36,-22,-34,-23,-34,-20,-34,-22,-33,-24,-33,-27,-33,-26,-29,-28,-31,-27,-29,-26,-31,-27,-29,-27,-30,-29,-31,-27,-30,-27,-32,-27,-31,-28,-31,-27,-30,-27,-30,-27,-30,-26,-31,-26,-29,-25,-29,-26,-30,-23,-31,-23,-30,-21,-31,-20,-31,-19,-29,-19,-29,-17,-29,-16,-28,-16,-28,-14,-27,-12,-29,0,0,0,0,0,0,0,0,0,0,0,0,0,0,0,0,0,0,0,0,0,0,56,7,56,9,57,12,57,13,57,14,55,17,55,19,59,21,57,25,57,23,61,24,59,25,62,27,60,26,59,27,57,31,59,32,56,32,57,31,56,32,55,32,53,35,52,33,58,32,54,32,55,29,53,29,52,29,51,27,53,27,51,25,53,26,50,25,52,24,49,25,50,22,50,19,54,19,52,16,54,15,53,13,54,14,55,12,54,11,53,10,55,9,53,9,55,4,55,5,55,3,56,3,54,1,56,5,55,2,56,-1,52,1,60,-3,0,0
2026-10-01T16:17:59.949112+00:00,2068121,-55,108078,6,unknown,384,0,0,0,0,0,0,0,0,0,0,0,0,10,1,10,1,10,1,10,2,11,2,10,2,10,3,10,3,11,3,11,4,11,4,11,4,11,4,11,5,10,5,11,5,10,5,10,5,10,5,10,5,10,5,10,5,10,5,10,5,10,6,10,5,0,0,10,5,10,5,9,4,9,4,9,4,10,4,10,3,9,3,10,3,10,3,9,2,9,2,9,2,9,2,10,1,10,1,10,1,10,0,10,1,10,0,10,0,10,0,10,0,10,-1,10,0,10,-1,0,0,0,0,0,0,0,0,0,0,0,0,0,0,-29,-47,-28,-54,-28,-49,-25,-46,-29,-47,-27,-42,-27,-42,-26,-42,-31,-37,-27,-37,-29,-37,-27,-36,-30,-36,-30,-32,-30,-34,-33,-31,-33,-30,-34,-29,-30,-25,-34,-26,-35,-25,-32,-24,-34,-21,-35,-22,-34,-22,-35,-20,-36,-21,-38,-17,-36,-18,-39,-15,-38,-15,-40,-17,-38,-15,-39,-15,-41,-14,-38,-15,-39,-16,-40,-13,-40,-16,-39,-16,-40,-14,-38,-15,-37,-15,-37,-16,-36,-15,-39,-17,-35,-16,-35,-16,-32,-16,-32,-19,-31,-18,-31,-18,-30,-18,-28,-17,-28,-17,-27,-20,-25,-20,0,0,0,0,0,0,0,0,0,0,0,0,0,0,0,0,0,0,0,0,0,0,54,-16,54,-16,59,-12,58,-11,58,-8,59,-6,61,-4,60,-3,64,-2,64,-2,64,-3,67,0,68,0,66,2,65,3,66,6,68,5,64,7,65,5,64,8,64,8,66,8,63,9,65,6,64,9,62,5,60,6,61,7,59,6,58,3,59,3,58,2,57,3,57,-1,59,1,59,0,57,-4,55,-7,54,-9,55,-11,54,-9,58,-12,55,-13,54,-14,52,-14,54,-15,54,-16,53,-19,54,-20,52,-18,51,-20,51,-22,53,-19,50,-23,50,-25,50,-23,55,-32,0,0
2026-10-01T16:18:00.062197+00:00,2068222,-55,108079,6,unknown,384,0,0,0,0,0,0,0,0,0,0,0,0,-4,-10,-3,-11,-3,-11,-3,-11,-3,-12,-2,-11,-1,-12,-1,-12,-1,-12,-1,-12,-1,-13,0,-13,0,-13,0,-13,0,-12,1,-13,1,-13,1,-12,1,-12,1,-13,2,-12,2,-12,1,-12,2,-12,2,-13,2,-12,0,0,1,-11,1,-12,1,-12,1,-11,1,-11,1,-11,1,-11,0,-11,0,-11,0,-11,-1,-11,-1,-11,-1,-11,-1,-11,-1,-11,-1,-11,-1,-11,-2,-11,-2,-11,-2,-11,-2,-11,-3,-11,-3,-11,-3,-11,-3,-11,-3,-10,0,0,0,0,0,0,0,0,0,0,0,0,0,0,-39,34,-38,34,-42,35,-42,35,-37,33,-32,36,-39,32,-44,38,-35,36,-28,29,-30,35,-29,35,-27,37,-27,33,-28,34,-24,38,-23,36,-20,35,-17,34,-17,37,-15,37,-17,33,-12,36,-13,37,-13,39,-8,36,-12,38,-7,45,-6,38,-4,38,-7,33,-10,33,-5,38,-4,48,-11,48,-14,45,-9,41,-16,34,-13,40,-9,30,-1,35,-7,39,-9,32,-8,34,-5,38,-5,49,-2,36,-12,46,-13,34,-13,32,-5,32,-9,31,-13,37,-10,31,-11,30,-15,24,-16,31,0,0,0,0,0,0,0,0,0,0,0,0,0,0,0,0,0,0,0,0,0,0,-29,-47,-28,-47,-28,-52,-25,-54,-24,-56,-22,-54,-24,-58,-20,-57,-19,-58,-17,-62,-17,-64,-16,-64,-16,-64,-14,-63,-15,-63,-13,-64,-13,-64,-8,-64,-11,-65,-9,-65,-9,-63,-9,-63,-7,-63,-8,-67,-5,-61,-8,-61,-7,-56,-8,-58,-11,-59,-13,-59,-13,-57,-11,-58,-12,-57,-13,-56,-14,-56,-16,-53,-17,-52,-18,-53,-19,-50,-20,-51,-20,-50,-25,-52,-25,-48,-26,-51,-27,-50,-28,-49,-26,-47,-30,-48,-30,-45,-29,-48,-31,-49,-31,-45,-30,-46,-34,-44,-35,-43,-30,-43,-41,-45,0,0
2026-10-01T16:18:00.172596+00:00,2068333,-55,108080,6,unknown,384,0,0,0,0,0,0,0,0,0,0,0,0,7,-7,7,-7,8,-7,9,-7,9,-7,9,-6,9,-6,9,-5,10,-5,10,-6,10,-6,11,-5,11,-5,11,-5,11,-5,11,-4,11,-4,11,-4,11,-4,11,-4,11,-4,11,-3,10,-3,11,-4,11,-4,11,-3,0,0,10,-3,10,-4,10,-3,10,-4,9,-4,10,-4,10,-4,9,-4,9,-4,9,-5,9,-5,8,-5,8,-5,8,-5,8,-6,8,-6,8,-6,8,-6,8,-6,7,-7,8,-6,8,-7,8,-7,8,-8,7,-7,7,-8,0,0,0,0,0,0,0,0,0,0,0,0,0,0,-52,-19,-55,-23,-51,-19,-47,-18,-52,-17,-48,-16,-50,-16,-46,-15,-47,-12,-43,-11,-47,-11,-43,-9,-45,-9,-45,-6,-44,-6,-45,-2,-43,-2,-43,-1,-41,0,-42,-2,-41,0,-41,0,-39,4,-39,5,-39,6,-41,5,-40,8,-41,9,-40,11,-40,12,-40,10,-39,10,-41,10,-39,12,-41,11,-39,11,-42,11,-41,12,-40,12,-41,10,-41,11,-41,9,-41,10,-39,9,-39,9,-40,7,-39,5,-40,7,-37,4,-37,5,-38,3,-37,3,-35,1,-34,1,-35,1,-33,0,-33,-3,0,0,0,0,0,0,0,0,0,0,0,0,0,0,0,0,0,0,0,0,0,0,26,-50,26,-48,29,-51,31,-52,34,-52,32,-47,36,-48,36,-50,40,-47,41,-51,41,-48,43,-51,45,-50,45,-48,44,-45,50,-43,48,-42,49,-42,47,-43,51,-42,49,-43,52,-40,49,-42,48,-39,49,-40,46,-41,47,-40,46,-38,46,-37,44,-38,44,-39,41,-38,42,-39,41,-40,40,-40,40,-41,37,-44,35,-44,32,-43,33,-46,32,-45,35,-47,33,-44,32,-50,26,-44,27,-48,27,-48,24,-49,27,-52,25,-51,25,-50,24,-51,25,-49,21,-51,22,-51,21,-49,21,-55,0,0
2026-10-01T16:18:00.273296+00:00,2068443,-55,108081,6,unknown,384,0,0,0,0,0,0,0,0,0,0,0,0,-10,2,-11,2,-11,2,-11,1,-11,1,-11,0,-12,0,-12,0,-12,0,-12,0,-12,-1,-13,-1,-13,-1,-13,-2,-12,-1,-13,-2,-12,-2,-12,-2,-12,-2,-12,-2,-12,-2,-12,-2,-12,-3,-12,-3,-12,-3,-12,-3,0,0,-11,-2,-12,-2,-11,-2,-11,-2,-11,-2,-11,-1,-11,-1,-11,-1,-11,-1,-11,0,-11,0,-10,0,-10,0,-10,0,-11,1,-11,1,-11,1,-10,2,-10,2,-10,2,-11,2,-10,2,-11,2,-11,3,-10,3,-10,3,0,0,0,0,0,0,0,0,0,0,0,0,0,0,39,33,42,38,41,36,35,35,40,33,38,31,40,30,36,30,37,26,35,25,38,27,36,24,39,23,38,21,39,21,39,17,40,17,38,15,36,15,39,11,40,11,38,11,39,7,39,8,38,9,39,6,39,8,40,3,39,3,41,2,40,2,41,2,42,0,40,-1,43,0,39,0,42,1,41,0,41,1,41,1,43,0,40,1,40,1,39,0,38,2,42,1,37,3,40,3,37,4,36,5,37,6,36,7,34,6,33,8,33,6,32,8,30,10,0,0,0,0,0,0,0,0,0,0,0,0,0,0,0,0,0,0,0,0,0,0,-47,28,-49,29,-53,28,-54,28,-55,24,-56,22,-58,20,-58,18,-61,18,-60,19,-61,19,-63,18,-65,17,-64,15,-62,14,-65,13,-65,12,-64,10,-64,12,-65,9,-64,7,-65,9,-63,7,-63,10,-64,9,-62,10,-58,9,-58,8,-57,13,-58,12,-58,13,-56,14,-56,12,-55,15,-57,14,-54,16,-52,20,-53,21,-50,22,-51,25,-50,23,-50,28,-49,27,-49,28,-47,28,-48,27,-49,27,-48,31,-45,33,-46,32,-43,35,-43,37,-45,33,-41,34,-40,38,-41,37,-40,45,0,0
2026-10-01T16:18:00.383985+00:00,2068543,-55,108082,6,unknown,384,0,0,0,0,0,0,0,0,0,0,0,0,-5,-9,-5,-9,-5,-10,-5,-11,-5,-11,-4,-11,-4,-11,-4,-11,-4,-11,-3,-12,-3,-12,-3,-12,-3,-13,-2,-13,-2,-12,-2,-13,-2,-12,-2,-12,-2,-12,-2,-12,-1,-12,-2,-12,-1,-12,-1,-12,-1,-12,-1,-12,0,0,-1,-12,-2,-12,-2,-11,-2,-11,-2,-11,-2,-11,-2,-11,-2,-11,-2,-10,-3,-11,-3,-11,-3,-10,-4,-10,-3,-10,-4,-10,-5,-10,-5,-10,-5,-10,-5,-10,-6,-9,-5,-10,-5,-9,-6,-10,-6,-10,-6,-9,-6,-9,0,0,0,0,0,0,0,0,0,0,0,0,0,0,-24,46,-33,52,-26,49,-24,45,-24,48,-21,45,-22,44,-21,45,-18,43,-16,41,-16,44,-15,42,-13,43,-13,42,-12,41,-10,42,-10,44,-6,43,-5,39,-5,42,-4,43,-5,41,1,39,-1,41,-3,40,1,40,3,41,7,42,6,40,6,42,7,40,6,40,7,41,8,42,10,43,6,41,7,41,7,41,5,43,7,42,5,43,7,42,5,41,5,41,4,39,3,41,4,39,3,39,2,37,0,39,-1,38,-2,37,-1,36,-2,34,-3,35,-5,34,-5,32,0,0,0,0,0,0,0,0,0,0,0,0,0,0,0,0,0,0,0,0,0,0,-45,-32,-46,-33,-45,-38,-46,-41,-43,-41,-41,-43,-40,-46,-41,-48,-38,-50,-40,-50,-39,-52,-42,-53,-41,-55,-39,-54,-36,-55,-36,-56,-36,-58,-33,-58,-34,-57,-30,-59,-31,-58,-30,-58,-32,-56,-32,-56,-30,-57,-32,-54,-30,-50,-28,-52,-30,-51,-32,-52,-32,-49,-30,-50,-29,-51,-33,-48,-33,-49,-33,-47,-35,-44,-37,-43,-37,-41,-40,-41,-38,-41,-42,-42,-42,-38,-41,-39,-41,-37,-44,-38,-43,-36,-45,-36,-45,-36,-45,-32,-47,-33,-47,-31,-47,-32,-46,-28,-47,-30,-46,-31,-54,-27,0,0
2026-10-01T16:18:00.494510+00:00,2068655,-55,108083,6,unknown,384,0,0,0,0,0,0,0,0,0,0,0,0,-8,-8,-7,-8,-8,-9,-7,-9,-7,-10,-7,-9,-6,-10,-6,-10,-6,-11,-6,-11,-6,-11,-6,-12,-6,-12,-5,-12,-5,-11,-5,-12,-4,-12,-5,-12,-5,-12,-4,-12,-4,-12,-4,-12,-4,-12,-4,-12,-4,-12,-4,-12,0,0,-4,-11,-4,-11,-4,-11,-4,-11,-4,-10,-4,-11,-4,-10,-5,-10,-5,-10,-5,-10,-5,-10,-5,-9,-5,-9,-6,-9,-6,-10,-6,-9,-7,-10,-7,-9,-7,-9,-7,-8,-7,-9,-7,-8,-8,-9,-8,-9,-8,-8,-8,-8,0,0,0,0,0,0,0,0,0,0,0,0,0,0,-17,48,-23,47,-23,52,-22,48,-19,50,-16,46,-16,47,-17,44,-14,45,-14,43,-13,45,-12,44,-10,45,-10,43,-8,44,-4,43,-5,45,-3,43,-2,41,-1,43,1,42,-1,40,3,39,4,39,2,40,6,40,6,41,8,40,7,39,9,41,10,39,9,39,11,41,12,40,13,42,10,41,10,41,12,42,10,41,11,42,10,41,10,41,9,40,10,41,8,38,8,40,7,38,6,39,6,38,5,39,3,39,2,37,4,36,1,35,1,35,0,34,-2,32,0,0,0,0,0,0,0,0,0,0,0,0,0,0,0,0,0,0,0,0,0,0,-48,-29,-47,-32,-50,-34,-48,-35,-46,-39,-46,-40,-45,-44,-45,-45,-43,-47,-44,-47,-44,-50,-42,-51,-45,-52,-43,-52,-40,-52,-41,-55,-41,-55,-38,-56,-40,-54,-36,-56,-36,-56,-36,-56,-35,-55,-35,-55,-35,-54,-37,-53,-34,-50,-33,-52,-34,-51,-38,-48,-37,-47,-36,-47,-35,-48,-38,-45,-36,-47,-36,-44,-40,-43,-42,-42,-41,-40,-43,-40,-42,-37,-47,-36,-44,-36,-46,-37,-45,-33,-48,-33,-46,-33,-47,-31,-49,-31,-47,-30,-50,-29,-50,-28,-50,-31,-51,-25,-51,-26,-50,-27,-58,-22,0,0
2026-10-01T16:18:00.603490+00:00,2068766,-55,108084,6,unknown,384,0,0,0,0,0,0,0,0,0,0,0,0,-11,2,-10,2,-12,2,-11,1,-12,1,-11,1,-11,1,-12,1,-12,0,-12,1,-12,-1,-13,0,-13,-1,-13,-1,-12,-1,-13,-2,-12,-2,-12,-2,-12,-2,-12,-2,-12,-1,-13,-2,-12,-2,-12,-3,-12,-3,-12,-2,0,0,-12,-2,-12,-2,-11,-2,-11,-2,-10,-1,-11,-1,-11,-1,-11,0,-11,0,-11,0,-11,0,-11,0,-11,0,-10,1,-11,1,-11,1,-11,1,-10,1,-10,2,-10,3,-11,2,-10,2,-11,3,-11,3,-10,3,-10,3,0,0,0,0,0,0,0,0,0,0,0,0,0,0,53,10,48,19,56,12,46,12,53,9,50,7,49,8,49,8,47,6,44,2,47,4,43,3,44,3,42,-3,43,-3,43,-8,42,-9,42,-8,41,-7,40,-6,42,-8,38,-6,39,-12,40,-10,38,-11,39,-11,36,-15,37,-18,36,-19,37,-19,36,-18,37,-18,37,-15,38,-17,36,-18,37,-17,37,-15,38,-18,36,-18,39,-16,38,-19,38,-19,35,-19,37,-17,37,-16,37,-11,38,-13,37,-13,36,-12,37,-9,35,-8,34,-9,35,-6,31,-8,32,-8,32,-6,33,-4,0,0,0,0,0,0,0,0,0,0,0,0,0,0,0,0,0,0,0,0,0,0,-17,52,-20,54,-23,55,-26,57,-27,52,-28,55,-33,51,-32,53,-37,51,-32,55,-34,56,-33,58,-36,58,-37,56,-40,53,-43,49,-46,51,-44,45,-44,52,-46,47,-45,47,-47,46,-40,46,-41,49,-41,49,-38,50,-38,45,-43,45,-42,41,-41,47,-39,42,-39,44,-39,42,-36,45,-36,45,-36,43,-29,46,-30,48,-24,49,-25,52,-28,51,-30,47,-29,49,-25,50,-21,49,-24,51,-22,49,-20,53,-23,54,-16,51,-16,53,-16,53,-19,53,-13,51,-13,55,-17,53,-15,59,0,0
